ISO-10303-21;
HEADER;
/* Generated by software containing ST-Developer
 * from STEP Tools, Inc. (www.steptools.com) 
 */

FILE_DESCRIPTION(
/* description */ (''),
/* implementation_level */ '2;1');

FILE_NAME(
/* name */ 'digital_carb_sync_box_upper.step',
/* time_stamp */ '2026-06-01T09:13:55+03:00',
/* author */ (''),
/* organization */ (''),
/* preprocessor_version */ 'ST-DEVELOPER v20.1',
/* originating_system */ 'Autodesk Translation Framework v15.8.0.0',
/* authorisation */ '');

FILE_SCHEMA (('AUTOMOTIVE_DESIGN { 1 0 10303 214 3 1 1 }'));
ENDSEC;

DATA;
#10=MECHANICAL_DESIGN_GEOMETRIC_PRESENTATION_REPRESENTATION('',(#13),#4156);
#11=SHAPE_REPRESENTATION_RELATIONSHIP('SRR','None',#4163,#12);
#12=ADVANCED_BREP_SHAPE_REPRESENTATION('',(#14),#4155);
#13=STYLED_ITEM('',(#4172),#14);
#14=MANIFOLD_SOLID_BREP('Body5',#2398);
#15=TOROIDAL_SURFACE('',#2516,5.25,2.);
#16=TOROIDAL_SURFACE('',#2528,5.25,2.);
#17=TOROIDAL_SURFACE('',#2531,5.25,2.);
#18=TOROIDAL_SURFACE('',#2534,5.25,2.);
#19=TOROIDAL_SURFACE('',#2537,3.00000000000001,1.99999999999999);
#20=TOROIDAL_SURFACE('',#2541,3.,2.);
#21=TOROIDAL_SURFACE('',#2548,3.00000000000001,2.);
#22=TOROIDAL_SURFACE('',#2552,3.,2.);
#23=B_SPLINE_CURVE_WITH_KNOTS('',3,(#3453,#3454,#3455,#3456,#3457,#3458),
 .UNSPECIFIED.,.F.,.F.,(4,2,4),(0.875299827098345,0.999433990476739,1.13746647005216),
 .UNSPECIFIED.);
#24=B_SPLINE_CURVE_WITH_KNOTS('',3,(#3460,#3461,#3462,#3463,#3464,#3465),
 .UNSPECIFIED.,.F.,.F.,(4,2,4),(1.13746647005216,1.27549894962759,1.39963311300598),
 .UNSPECIFIED.);
#25=B_SPLINE_CURVE_WITH_KNOTS('',3,(#3479,#3480,#3481,#3482,#3483,#3484),
 .UNSPECIFIED.,.F.,.F.,(4,2,4),(0.875299827098347,0.999433990476738,1.13746647005216),
 .UNSPECIFIED.);
#26=B_SPLINE_CURVE_WITH_KNOTS('',3,(#3486,#3487,#3488,#3489,#3490,#3491),
 .UNSPECIFIED.,.F.,.F.,(4,2,4),(1.13746647005216,1.27549894962759,1.39963311300598),
 .UNSPECIFIED.);
#27=B_SPLINE_CURVE_WITH_KNOTS('',3,(#3519,#3520,#3521,#3522,#3523,#3524),
 .UNSPECIFIED.,.F.,.F.,(4,2,4),(0.875299827098345,0.999433990476738,1.13746647005216),
 .UNSPECIFIED.);
#28=B_SPLINE_CURVE_WITH_KNOTS('',3,(#3526,#3527,#3528,#3529,#3530,#3531),
 .UNSPECIFIED.,.F.,.F.,(4,2,4),(1.13746647005216,1.27549894962759,1.39963311300598),
 .UNSPECIFIED.);
#29=B_SPLINE_CURVE_WITH_KNOTS('',3,(#3545,#3546,#3547,#3548,#3549,#3550),
 .UNSPECIFIED.,.F.,.F.,(4,2,4),(0.875299827098345,0.999433990476738,1.13746647005216),
 .UNSPECIFIED.);
#30=B_SPLINE_CURVE_WITH_KNOTS('',3,(#3552,#3553,#3554,#3555,#3556,#3557),
 .UNSPECIFIED.,.F.,.F.,(4,2,4),(1.13746647005216,1.27549894962759,1.39963311300598),
 .UNSPECIFIED.);
#31=B_SPLINE_CURVE_WITH_KNOTS('',3,(#3863,#3864,#3865,#3866,#3867,#3868),
 .UNSPECIFIED.,.F.,.F.,(4,2,4),(-0.130813965530152,-0.0756541961914947,
0.),.UNSPECIFIED.);
#32=B_SPLINE_CURVE_WITH_KNOTS('',3,(#3931,#3932,#3933,#3934,#3935,#3936,
#3937,#3938,#3939,#3940,#3941,#3942,#3943,#3944,#3945,#3946,#3947,#3948),
 .UNSPECIFIED.,.F.,.F.,(4,2,2,2,2,2,2,2,4),(0.,0.0207537447861677,0.0415074895723354,
0.0622784436652258,0.0830493977581162,0.103785977321172,0.124522556884228,
0.145272528376822,0.166022499869416),.UNSPECIFIED.);
#33=B_SPLINE_CURVE_WITH_KNOTS('',3,(#3949,#3950,#3951,#3952,#3953,#3954,
#3955,#3956,#3957,#3958,#3959,#3960,#3961,#3962,#3963,#3964,#3965,#3966),
 .UNSPECIFIED.,.F.,.F.,(4,2,2,2,2,2,2,2,4),(0.166022499869416,0.186772471362009,
0.207522442854603,0.228259022417659,0.248995601980715,0.269766556073606,
0.290537510166496,0.311291254952664,0.332044999738832),.UNSPECIFIED.);
#34=B_SPLINE_CURVE_WITH_KNOTS('',3,(#3971,#3972,#3973,#3974,#3975,#3976,
#3977,#3978,#3979,#3980,#3981,#3982,#3983,#3984,#3985,#3986,#3987,#3988),
 .UNSPECIFIED.,.F.,.F.,(4,2,2,2,2,2,2,2,4),(0.,0.0207537447861683,0.0415074895723366,
0.0622784436652266,0.0830493977581165,0.103785977321172,0.124522556884228,
0.145272528376822,0.166022499869416),.UNSPECIFIED.);
#35=B_SPLINE_CURVE_WITH_KNOTS('',3,(#3989,#3990,#3991,#3992,#3993,#3994,
#3995,#3996,#3997,#3998,#3999,#4000,#4001,#4002,#4003,#4004,#4005,#4006),
 .UNSPECIFIED.,.F.,.F.,(4,2,2,2,2,2,2,2,4),(0.166022499869416,0.18677247136201,
0.207522442854604,0.228259022417659,0.248995601980715,0.269766556073606,
0.290537510166497,0.311291254952663,0.33204499973883),.UNSPECIFIED.);
#36=B_SPLINE_CURVE_WITH_KNOTS('',3,(#4038,#4039,#4040,#4041,#4042,#4043,
#4044,#4045),.UNSPECIFIED.,.F.,.F.,(4,2,2,4),(0.,0.0647432629108965,0.153775197563489,
0.154387315106606),.UNSPECIFIED.);
#37=B_SPLINE_CURVE_WITH_KNOTS('',3,(#4057,#4058,#4059,#4060,#4061,#4062,
#4063,#4064),.UNSPECIFIED.,.F.,.F.,(4,2,2,4),(0.,0.0647432629108965,0.153775197563489,
0.154387315106606),.UNSPECIFIED.);
#38=B_SPLINE_CURVE_WITH_KNOTS('',3,(#4098,#4099,#4100,#4101,#4102,#4103,
#4104,#4105),.UNSPECIFIED.,.F.,.F.,(4,2,2,4),(0.,0.0647432629108965,0.153775197563489,
0.154387315106606),.UNSPECIFIED.);
#39=B_SPLINE_CURVE_WITH_KNOTS('',3,(#4138,#4139,#4140,#4141,#4142,#4143,
#4144,#4145),.UNSPECIFIED.,.F.,.F.,(4,2,2,4),(0.,0.0647432629108965,0.153775197563489,
0.154387315106606),.UNSPECIFIED.);
#40=FACE_BOUND('',#266,.T.);
#41=FACE_BOUND('',#280,.T.);
#42=FACE_BOUND('',#287,.T.);
#43=FACE_BOUND('',#292,.T.);
#44=FACE_BOUND('',#294,.T.);
#45=FACE_BOUND('',#297,.T.);
#46=FACE_BOUND('',#318,.T.);
#47=FACE_BOUND('',#319,.T.);
#48=FACE_BOUND('',#320,.T.);
#49=FACE_BOUND('',#321,.T.);
#50=FACE_BOUND('',#338,.T.);
#51=FACE_BOUND('',#345,.T.);
#52=FACE_BOUND('',#347,.T.);
#53=FACE_BOUND('',#348,.T.);
#54=FACE_BOUND('',#349,.T.);
#55=FACE_BOUND('',#350,.T.);
#56=FACE_BOUND('',#351,.T.);
#57=FACE_BOUND('',#371,.T.);
#58=FACE_BOUND('',#375,.T.);
#59=FACE_BOUND('',#379,.T.);
#60=FACE_BOUND('',#384,.T.);
#61=FACE_BOUND('',#393,.T.);
#62=FACE_BOUND('',#399,.T.);
#63=FACE_BOUND('',#405,.T.);
#64=ELLIPSE('',#2416,2.23606780756777,2.);
#65=ELLIPSE('',#2425,2.23606780756777,2.);
#66=ELLIPSE('',#2433,2.23606780756777,2.);
#67=ELLIPSE('',#2487,2.23606780756777,2.);
#68=PLANE('',#2415);
#69=PLANE('',#2417);
#70=PLANE('',#2424);
#71=PLANE('',#2426);
#72=PLANE('',#2432);
#73=PLANE('',#2434);
#74=PLANE('',#2440);
#75=PLANE('',#2443);
#76=PLANE('',#2447);
#77=PLANE('',#2448);
#78=PLANE('',#2452);
#79=PLANE('',#2455);
#80=PLANE('',#2456);
#81=PLANE('',#2459);
#82=PLANE('',#2462);
#83=PLANE('',#2465);
#84=PLANE('',#2468);
#85=PLANE('',#2471);
#86=PLANE('',#2474);
#87=PLANE('',#2477);
#88=PLANE('',#2479);
#89=PLANE('',#2482);
#90=PLANE('',#2484);
#91=PLANE('',#2486);
#92=PLANE('',#2488);
#93=PLANE('',#2490);
#94=PLANE('',#2491);
#95=PLANE('',#2495);
#96=PLANE('',#2499);
#97=PLANE('',#2503);
#98=PLANE('',#2507);
#99=PLANE('',#2511);
#100=PLANE('',#2515);
#101=PLANE('',#2520);
#102=PLANE('',#2565);
#103=PLANE('',#2567);
#104=PLANE('',#2568);
#105=PLANE('',#2570);
#106=PLANE('',#2573);
#107=PLANE('',#2576);
#108=PLANE('',#2579);
#109=PLANE('',#2581);
#110=PLANE('',#2585);
#111=PLANE('',#2586);
#112=PLANE('',#2587);
#113=PLANE('',#2588);
#114=PLANE('',#2589);
#115=PLANE('',#2590);
#116=PLANE('',#2591);
#117=PLANE('',#2592);
#118=PLANE('',#2593);
#119=PLANE('',#2595);
#120=PLANE('',#2596);
#121=PLANE('',#2597);
#122=PLANE('',#2599);
#123=PLANE('',#2600);
#124=PLANE('',#2601);
#125=PLANE('',#2602);
#126=PLANE('',#2603);
#127=PLANE('',#2609);
#128=PLANE('',#2612);
#129=PLANE('',#2614);
#130=PLANE('',#2617);
#131=PLANE('',#2618);
#132=PLANE('',#2620);
#133=PLANE('',#2623);
#134=PLANE('',#2625);
#135=PLANE('',#2628);
#136=PLANE('',#2630);
#137=PLANE('',#2632);
#138=PLANE('',#2635);
#139=FACE_OUTER_BOUND('',#263,.T.);
#140=FACE_OUTER_BOUND('',#264,.T.);
#141=FACE_OUTER_BOUND('',#265,.T.);
#142=FACE_OUTER_BOUND('',#267,.T.);
#143=FACE_OUTER_BOUND('',#268,.T.);
#144=FACE_OUTER_BOUND('',#269,.T.);
#145=FACE_OUTER_BOUND('',#270,.T.);
#146=FACE_OUTER_BOUND('',#271,.T.);
#147=FACE_OUTER_BOUND('',#272,.T.);
#148=FACE_OUTER_BOUND('',#273,.T.);
#149=FACE_OUTER_BOUND('',#274,.T.);
#150=FACE_OUTER_BOUND('',#275,.T.);
#151=FACE_OUTER_BOUND('',#276,.T.);
#152=FACE_OUTER_BOUND('',#277,.T.);
#153=FACE_OUTER_BOUND('',#278,.T.);
#154=FACE_OUTER_BOUND('',#279,.T.);
#155=FACE_OUTER_BOUND('',#281,.T.);
#156=FACE_OUTER_BOUND('',#282,.T.);
#157=FACE_OUTER_BOUND('',#283,.T.);
#158=FACE_OUTER_BOUND('',#284,.T.);
#159=FACE_OUTER_BOUND('',#285,.T.);
#160=FACE_OUTER_BOUND('',#286,.T.);
#161=FACE_OUTER_BOUND('',#288,.T.);
#162=FACE_OUTER_BOUND('',#289,.T.);
#163=FACE_OUTER_BOUND('',#290,.T.);
#164=FACE_OUTER_BOUND('',#291,.T.);
#165=FACE_OUTER_BOUND('',#293,.T.);
#166=FACE_OUTER_BOUND('',#295,.T.);
#167=FACE_OUTER_BOUND('',#296,.T.);
#168=FACE_OUTER_BOUND('',#298,.T.);
#169=FACE_OUTER_BOUND('',#299,.T.);
#170=FACE_OUTER_BOUND('',#300,.T.);
#171=FACE_OUTER_BOUND('',#301,.T.);
#172=FACE_OUTER_BOUND('',#302,.T.);
#173=FACE_OUTER_BOUND('',#303,.T.);
#174=FACE_OUTER_BOUND('',#304,.T.);
#175=FACE_OUTER_BOUND('',#305,.T.);
#176=FACE_OUTER_BOUND('',#306,.T.);
#177=FACE_OUTER_BOUND('',#307,.T.);
#178=FACE_OUTER_BOUND('',#308,.T.);
#179=FACE_OUTER_BOUND('',#309,.T.);
#180=FACE_OUTER_BOUND('',#310,.T.);
#181=FACE_OUTER_BOUND('',#311,.T.);
#182=FACE_OUTER_BOUND('',#312,.T.);
#183=FACE_OUTER_BOUND('',#313,.T.);
#184=FACE_OUTER_BOUND('',#314,.T.);
#185=FACE_OUTER_BOUND('',#315,.T.);
#186=FACE_OUTER_BOUND('',#316,.T.);
#187=FACE_OUTER_BOUND('',#317,.T.);
#188=FACE_OUTER_BOUND('',#322,.T.);
#189=FACE_OUTER_BOUND('',#323,.T.);
#190=FACE_OUTER_BOUND('',#324,.T.);
#191=FACE_OUTER_BOUND('',#325,.T.);
#192=FACE_OUTER_BOUND('',#326,.T.);
#193=FACE_OUTER_BOUND('',#327,.T.);
#194=FACE_OUTER_BOUND('',#328,.T.);
#195=FACE_OUTER_BOUND('',#329,.T.);
#196=FACE_OUTER_BOUND('',#330,.T.);
#197=FACE_OUTER_BOUND('',#331,.T.);
#198=FACE_OUTER_BOUND('',#332,.T.);
#199=FACE_OUTER_BOUND('',#333,.T.);
#200=FACE_OUTER_BOUND('',#334,.T.);
#201=FACE_OUTER_BOUND('',#335,.T.);
#202=FACE_OUTER_BOUND('',#336,.T.);
#203=FACE_OUTER_BOUND('',#337,.T.);
#204=FACE_OUTER_BOUND('',#339,.T.);
#205=FACE_OUTER_BOUND('',#340,.T.);
#206=FACE_OUTER_BOUND('',#341,.T.);
#207=FACE_OUTER_BOUND('',#342,.T.);
#208=FACE_OUTER_BOUND('',#343,.T.);
#209=FACE_OUTER_BOUND('',#344,.T.);
#210=FACE_OUTER_BOUND('',#346,.T.);
#211=FACE_OUTER_BOUND('',#352,.T.);
#212=FACE_OUTER_BOUND('',#353,.T.);
#213=FACE_OUTER_BOUND('',#354,.T.);
#214=FACE_OUTER_BOUND('',#355,.T.);
#215=FACE_OUTER_BOUND('',#356,.T.);
#216=FACE_OUTER_BOUND('',#357,.T.);
#217=FACE_OUTER_BOUND('',#358,.T.);
#218=FACE_OUTER_BOUND('',#359,.T.);
#219=FACE_OUTER_BOUND('',#360,.T.);
#220=FACE_OUTER_BOUND('',#361,.T.);
#221=FACE_OUTER_BOUND('',#362,.T.);
#222=FACE_OUTER_BOUND('',#363,.T.);
#223=FACE_OUTER_BOUND('',#364,.T.);
#224=FACE_OUTER_BOUND('',#365,.T.);
#225=FACE_OUTER_BOUND('',#366,.T.);
#226=FACE_OUTER_BOUND('',#367,.T.);
#227=FACE_OUTER_BOUND('',#368,.T.);
#228=FACE_OUTER_BOUND('',#369,.T.);
#229=FACE_OUTER_BOUND('',#370,.T.);
#230=FACE_OUTER_BOUND('',#372,.T.);
#231=FACE_OUTER_BOUND('',#373,.T.);
#232=FACE_OUTER_BOUND('',#374,.T.);
#233=FACE_OUTER_BOUND('',#376,.T.);
#234=FACE_OUTER_BOUND('',#377,.T.);
#235=FACE_OUTER_BOUND('',#378,.T.);
#236=FACE_OUTER_BOUND('',#380,.T.);
#237=FACE_OUTER_BOUND('',#381,.T.);
#238=FACE_OUTER_BOUND('',#382,.T.);
#239=FACE_OUTER_BOUND('',#383,.T.);
#240=FACE_OUTER_BOUND('',#385,.T.);
#241=FACE_OUTER_BOUND('',#386,.T.);
#242=FACE_OUTER_BOUND('',#387,.T.);
#243=FACE_OUTER_BOUND('',#388,.T.);
#244=FACE_OUTER_BOUND('',#389,.T.);
#245=FACE_OUTER_BOUND('',#390,.T.);
#246=FACE_OUTER_BOUND('',#391,.T.);
#247=FACE_OUTER_BOUND('',#392,.T.);
#248=FACE_OUTER_BOUND('',#394,.T.);
#249=FACE_OUTER_BOUND('',#395,.T.);
#250=FACE_OUTER_BOUND('',#396,.T.);
#251=FACE_OUTER_BOUND('',#397,.T.);
#252=FACE_OUTER_BOUND('',#398,.T.);
#253=FACE_OUTER_BOUND('',#400,.T.);
#254=FACE_OUTER_BOUND('',#401,.T.);
#255=FACE_OUTER_BOUND('',#402,.T.);
#256=FACE_OUTER_BOUND('',#403,.T.);
#257=FACE_OUTER_BOUND('',#404,.T.);
#258=FACE_OUTER_BOUND('',#406,.T.);
#259=FACE_OUTER_BOUND('',#407,.T.);
#260=FACE_OUTER_BOUND('',#408,.T.);
#261=FACE_OUTER_BOUND('',#409,.T.);
#262=FACE_OUTER_BOUND('',#410,.T.);
#263=EDGE_LOOP('',(#1537,#1538,#1539,#1540));
#264=EDGE_LOOP('',(#1541,#1542,#1543,#1544,#1545));
#265=EDGE_LOOP('',(#1546,#1547,#1548,#1549,#1550,#1551,#1552,#1553,#1554,
#1555,#1556,#1557,#1558));
#266=EDGE_LOOP('',(#1559));
#267=EDGE_LOOP('',(#1560,#1561,#1562,#1563));
#268=EDGE_LOOP('',(#1564,#1565,#1566,#1567,#1568));
#269=EDGE_LOOP('',(#1569,#1570,#1571,#1572,#1573,#1574,#1575,#1576,#1577,
#1578,#1579,#1580,#1581));
#270=EDGE_LOOP('',(#1582,#1583,#1584,#1585));
#271=EDGE_LOOP('',(#1586,#1587,#1588,#1589,#1590));
#272=EDGE_LOOP('',(#1591,#1592,#1593,#1594,#1595,#1596,#1597,#1598,#1599,
#1600,#1601,#1602,#1603));
#273=EDGE_LOOP('',(#1604,#1605,#1606,#1607));
#274=EDGE_LOOP('',(#1608,#1609,#1610,#1611));
#275=EDGE_LOOP('',(#1612,#1613,#1614,#1615,#1616,#1617,#1618));
#276=EDGE_LOOP('',(#1619,#1620,#1621,#1622));
#277=EDGE_LOOP('',(#1623,#1624,#1625,#1626,#1627,#1628,#1629));
#278=EDGE_LOOP('',(#1630,#1631,#1632,#1633,#1634,#1635));
#279=EDGE_LOOP('',(#1636,#1637,#1638,#1639,#1640));
#280=EDGE_LOOP('',(#1641));
#281=EDGE_LOOP('',(#1642,#1643,#1644,#1645,#1646,#1647,#1648));
#282=EDGE_LOOP('',(#1649,#1650,#1651,#1652));
#283=EDGE_LOOP('',(#1653,#1654,#1655,#1656,#1657,#1658,#1659));
#284=EDGE_LOOP('',(#1660,#1661,#1662,#1663));
#285=EDGE_LOOP('',(#1664,#1665,#1666,#1667,#1668,#1669,#1670,#1671,#1672));
#286=EDGE_LOOP('',(#1673,#1674,#1675,#1676,#1677));
#287=EDGE_LOOP('',(#1678));
#288=EDGE_LOOP('',(#1679,#1680,#1681,#1682,#1683,#1684,#1685,#1686,#1687));
#289=EDGE_LOOP('',(#1688,#1689,#1690,#1691,#1692,#1693,#1694,#1695,#1696));
#290=EDGE_LOOP('',(#1697,#1698,#1699,#1700,#1701,#1702,#1703,#1704,#1705));
#291=EDGE_LOOP('',(#1706,#1707,#1708,#1709,#1710,#1711,#1712));
#292=EDGE_LOOP('',(#1713));
#293=EDGE_LOOP('',(#1714,#1715,#1716,#1717,#1718,#1719,#1720));
#294=EDGE_LOOP('',(#1721));
#295=EDGE_LOOP('',(#1722,#1723,#1724,#1725,#1726));
#296=EDGE_LOOP('',(#1727,#1728,#1729,#1730,#1731,#1732,#1733));
#297=EDGE_LOOP('',(#1734));
#298=EDGE_LOOP('',(#1735,#1736,#1737,#1738,#1739));
#299=EDGE_LOOP('',(#1740,#1741,#1742,#1743,#1744));
#300=EDGE_LOOP('',(#1745,#1746,#1747,#1748,#1749));
#301=EDGE_LOOP('',(#1750,#1751,#1752,#1753,#1754));
#302=EDGE_LOOP('',(#1755,#1756,#1757,#1758));
#303=EDGE_LOOP('',(#1759,#1760,#1761,#1762));
#304=EDGE_LOOP('',(#1763,#1764,#1765,#1766));
#305=EDGE_LOOP('',(#1767));
#306=EDGE_LOOP('',(#1768,#1769,#1770,#1771));
#307=EDGE_LOOP('',(#1772));
#308=EDGE_LOOP('',(#1773,#1774,#1775,#1776));
#309=EDGE_LOOP('',(#1777));
#310=EDGE_LOOP('',(#1778,#1779,#1780,#1781));
#311=EDGE_LOOP('',(#1782));
#312=EDGE_LOOP('',(#1783,#1784,#1785,#1786));
#313=EDGE_LOOP('',(#1787));
#314=EDGE_LOOP('',(#1788,#1789,#1790,#1791));
#315=EDGE_LOOP('',(#1792));
#316=EDGE_LOOP('',(#1793,#1794,#1795,#1796));
#317=EDGE_LOOP('',(#1797,#1798,#1799,#1800,#1801,#1802,#1803,#1804));
#318=EDGE_LOOP('',(#1805));
#319=EDGE_LOOP('',(#1806));
#320=EDGE_LOOP('',(#1807));
#321=EDGE_LOOP('',(#1808));
#322=EDGE_LOOP('',(#1809,#1810,#1811,#1812));
#323=EDGE_LOOP('',(#1813,#1814,#1815,#1816));
#324=EDGE_LOOP('',(#1817,#1818,#1819,#1820));
#325=EDGE_LOOP('',(#1821,#1822,#1823,#1824));
#326=EDGE_LOOP('',(#1825,#1826,#1827,#1828));
#327=EDGE_LOOP('',(#1829,#1830,#1831,#1832));
#328=EDGE_LOOP('',(#1833,#1834,#1835,#1836));
#329=EDGE_LOOP('',(#1837,#1838,#1839,#1840));
#330=EDGE_LOOP('',(#1841,#1842,#1843,#1844));
#331=EDGE_LOOP('',(#1845,#1846,#1847,#1848));
#332=EDGE_LOOP('',(#1849,#1850,#1851,#1852));
#333=EDGE_LOOP('',(#1853,#1854,#1855,#1856));
#334=EDGE_LOOP('',(#1857,#1858,#1859,#1860));
#335=EDGE_LOOP('',(#1861,#1862,#1863,#1864,#1865,#1866,#1867,#1868,#1869,
#1870,#1871,#1872));
#336=EDGE_LOOP('',(#1873,#1874,#1875,#1876,#1877,#1878));
#337=EDGE_LOOP('',(#1879,#1880,#1881,#1882));
#338=EDGE_LOOP('',(#1883));
#339=EDGE_LOOP('',(#1884,#1885,#1886,#1887));
#340=EDGE_LOOP('',(#1888,#1889,#1890));
#341=EDGE_LOOP('',(#1891,#1892,#1893,#1894,#1895,#1896));
#342=EDGE_LOOP('',(#1897,#1898,#1899,#1900,#1901,#1902));
#343=EDGE_LOOP('',(#1903,#1904,#1905,#1906,#1907,#1908));
#344=EDGE_LOOP('',(#1909,#1910,#1911,#1912));
#345=EDGE_LOOP('',(#1913));
#346=EDGE_LOOP('',(#1914,#1915,#1916,#1917,#1918,#1919,#1920,#1921,#1922,
#1923,#1924,#1925,#1926,#1927,#1928,#1929,#1930,#1931,#1932,#1933,#1934,
#1935,#1936,#1937,#1938,#1939,#1940,#1941,#1942,#1943,#1944,#1945,#1946));
#347=EDGE_LOOP('',(#1947));
#348=EDGE_LOOP('',(#1948));
#349=EDGE_LOOP('',(#1949));
#350=EDGE_LOOP('',(#1950));
#351=EDGE_LOOP('',(#1951));
#352=EDGE_LOOP('',(#1952,#1953,#1954,#1955,#1956));
#353=EDGE_LOOP('',(#1957,#1958,#1959,#1960,#1961));
#354=EDGE_LOOP('',(#1962,#1963,#1964,#1965));
#355=EDGE_LOOP('',(#1966,#1967,#1968,#1969));
#356=EDGE_LOOP('',(#1970,#1971,#1972,#1973));
#357=EDGE_LOOP('',(#1974,#1975,#1976,#1977));
#358=EDGE_LOOP('',(#1978,#1979,#1980,#1981));
#359=EDGE_LOOP('',(#1982,#1983,#1984,#1985));
#360=EDGE_LOOP('',(#1986,#1987,#1988,#1989));
#361=EDGE_LOOP('',(#1990,#1991,#1992,#1993,#1994,#1995));
#362=EDGE_LOOP('',(#1996,#1997,#1998,#1999));
#363=EDGE_LOOP('',(#2000,#2001,#2002,#2003));
#364=EDGE_LOOP('',(#2004,#2005,#2006,#2007,#2008,#2009));
#365=EDGE_LOOP('',(#2010,#2011,#2012,#2013,#2014,#2015));
#366=EDGE_LOOP('',(#2016,#2017,#2018,#2019));
#367=EDGE_LOOP('',(#2020,#2021,#2022,#2023));
#368=EDGE_LOOP('',(#2024,#2025,#2026,#2027,#2028,#2029));
#369=EDGE_LOOP('',(#2030,#2031,#2032,#2033));
#370=EDGE_LOOP('',(#2034,#2035,#2036,#2037));
#371=EDGE_LOOP('',(#2038));
#372=EDGE_LOOP('',(#2039,#2040,#2041,#2042,#2043,#2044));
#373=EDGE_LOOP('',(#2045,#2046,#2047,#2048));
#374=EDGE_LOOP('',(#2049,#2050,#2051,#2052,#2053,#2054));
#375=EDGE_LOOP('',(#2055,#2056));
#376=EDGE_LOOP('',(#2057,#2058,#2059,#2060,#2061,#2062));
#377=EDGE_LOOP('',(#2063,#2064,#2065,#2066,#2067,#2068));
#378=EDGE_LOOP('',(#2069,#2070,#2071,#2072,#2073,#2074));
#379=EDGE_LOOP('',(#2075,#2076));
#380=EDGE_LOOP('',(#2077,#2078,#2079,#2080));
#381=EDGE_LOOP('',(#2081,#2082,#2083,#2084));
#382=EDGE_LOOP('',(#2085,#2086,#2087,#2088));
#383=EDGE_LOOP('',(#2089,#2090,#2091,#2092,#2093,#2094,#2095,#2096,#2097,
#2098,#2099,#2100));
#384=EDGE_LOOP('',(#2101));
#385=EDGE_LOOP('',(#2102,#2103,#2104,#2105,#2106));
#386=EDGE_LOOP('',(#2107,#2108,#2109,#2110,#2111,#2112));
#387=EDGE_LOOP('',(#2113,#2114,#2115,#2116));
#388=EDGE_LOOP('',(#2117,#2118,#2119,#2120));
#389=EDGE_LOOP('',(#2121,#2122,#2123,#2124));
#390=EDGE_LOOP('',(#2125,#2126,#2127,#2128,#2129));
#391=EDGE_LOOP('',(#2130,#2131,#2132,#2133));
#392=EDGE_LOOP('',(#2134,#2135,#2136,#2137,#2138,#2139,#2140,#2141,#2142,
#2143,#2144,#2145));
#393=EDGE_LOOP('',(#2146));
#394=EDGE_LOOP('',(#2147,#2148,#2149,#2150,#2151));
#395=EDGE_LOOP('',(#2152,#2153,#2154,#2155));
#396=EDGE_LOOP('',(#2156,#2157,#2158,#2159));
#397=EDGE_LOOP('',(#2160,#2161,#2162,#2163));
#398=EDGE_LOOP('',(#2164,#2165,#2166,#2167,#2168,#2169,#2170,#2171,#2172,
#2173,#2174,#2175));
#399=EDGE_LOOP('',(#2176));
#400=EDGE_LOOP('',(#2177,#2178,#2179,#2180,#2181));
#401=EDGE_LOOP('',(#2182,#2183,#2184,#2185));
#402=EDGE_LOOP('',(#2186,#2187,#2188,#2189));
#403=EDGE_LOOP('',(#2190,#2191,#2192,#2193));
#404=EDGE_LOOP('',(#2194,#2195,#2196,#2197,#2198,#2199,#2200,#2201,#2202,
#2203,#2204,#2205));
#405=EDGE_LOOP('',(#2206));
#406=EDGE_LOOP('',(#2207,#2208,#2209,#2210,#2211,#2212));
#407=EDGE_LOOP('',(#2213,#2214,#2215,#2216));
#408=EDGE_LOOP('',(#2217,#2218,#2219,#2220));
#409=EDGE_LOOP('',(#2221,#2222,#2223,#2224));
#410=EDGE_LOOP('',(#2225,#2226,#2227,#2228));
#411=LINE('',#3321,#640);
#412=LINE('',#3324,#641);
#413=LINE('',#3327,#642);
#414=LINE('',#3329,#643);
#415=LINE('',#3332,#644);
#416=LINE('',#3335,#645);
#417=LINE('',#3337,#646);
#418=LINE('',#3341,#647);
#419=LINE('',#3343,#648);
#420=LINE('',#3345,#649);
#421=LINE('',#3347,#650);
#422=LINE('',#3349,#651);
#423=LINE('',#3351,#652);
#424=LINE('',#3353,#653);
#425=LINE('',#3362,#654);
#426=LINE('',#3365,#655);
#427=LINE('',#3368,#656);
#428=LINE('',#3370,#657);
#429=LINE('',#3373,#658);
#430=LINE('',#3376,#659);
#431=LINE('',#3378,#660);
#432=LINE('',#3382,#661);
#433=LINE('',#3384,#662);
#434=LINE('',#3386,#663);
#435=LINE('',#3388,#664);
#436=LINE('',#3390,#665);
#437=LINE('',#3392,#666);
#438=LINE('',#3394,#667);
#439=LINE('',#3401,#668);
#440=LINE('',#3404,#669);
#441=LINE('',#3407,#670);
#442=LINE('',#3409,#671);
#443=LINE('',#3412,#672);
#444=LINE('',#3415,#673);
#445=LINE('',#3417,#674);
#446=LINE('',#3421,#675);
#447=LINE('',#3423,#676);
#448=LINE('',#3425,#677);
#449=LINE('',#3427,#678);
#450=LINE('',#3429,#679);
#451=LINE('',#3431,#680);
#452=LINE('',#3433,#681);
#453=LINE('',#3440,#682);
#454=LINE('',#3443,#683);
#455=LINE('',#3446,#684);
#456=LINE('',#3448,#685);
#457=LINE('',#3449,#686);
#458=LINE('',#3466,#687);
#459=LINE('',#3468,#688);
#460=LINE('',#3471,#689);
#461=LINE('',#3474,#690);
#462=LINE('',#3475,#691);
#463=LINE('',#3493,#692);
#464=LINE('',#3497,#693);
#465=LINE('',#3500,#694);
#466=LINE('',#3503,#695);
#467=LINE('',#3505,#696);
#468=LINE('',#3506,#697);
#469=LINE('',#3507,#698);
#470=LINE('',#3510,#699);
#471=LINE('',#3512,#700);
#472=LINE('',#3513,#701);
#473=LINE('',#3532,#702);
#474=LINE('',#3534,#703);
#475=LINE('',#3537,#704);
#476=LINE('',#3540,#705);
#477=LINE('',#3541,#706);
#478=LINE('',#3558,#707);
#479=LINE('',#3560,#708);
#480=LINE('',#3563,#709);
#481=LINE('',#3566,#710);
#482=LINE('',#3567,#711);
#483=LINE('',#3570,#712);
#484=LINE('',#3574,#713);
#485=LINE('',#3576,#714);
#486=LINE('',#3577,#715);
#487=LINE('',#3582,#716);
#488=LINE('',#3584,#717);
#489=LINE('',#3586,#718);
#490=LINE('',#3588,#719);
#491=LINE('',#3594,#720);
#492=LINE('',#3598,#721);
#493=LINE('',#3600,#722);
#494=LINE('',#3601,#723);
#495=LINE('',#3605,#724);
#496=LINE('',#3609,#725);
#497=LINE('',#3611,#726);
#498=LINE('',#3612,#727);
#499=LINE('',#3616,#728);
#500=LINE('',#3620,#729);
#501=LINE('',#3622,#730);
#502=LINE('',#3623,#731);
#503=LINE('',#3628,#732);
#504=LINE('',#3629,#733);
#505=LINE('',#3631,#734);
#506=LINE('',#3633,#735);
#507=LINE('',#3635,#736);
#508=LINE('',#3644,#737);
#509=LINE('',#3645,#738);
#510=LINE('',#3647,#739);
#511=LINE('',#3649,#740);
#512=LINE('',#3650,#741);
#513=LINE('',#3655,#742);
#514=LINE('',#3659,#743);
#515=LINE('',#3660,#744);
#516=LINE('',#3666,#745);
#517=LINE('',#3667,#746);
#518=LINE('',#3669,#747);
#519=LINE('',#3671,#748);
#520=LINE('',#3672,#749);
#521=LINE('',#3677,#750);
#522=LINE('',#3680,#751);
#523=LINE('',#3683,#752);
#524=LINE('',#3686,#753);
#525=LINE('',#3689,#754);
#526=LINE('',#3691,#755);
#527=LINE('',#3694,#756);
#528=LINE('',#3697,#757);
#529=LINE('',#3700,#758);
#530=LINE('',#3702,#759);
#531=LINE('',#3703,#760);
#532=LINE('',#3705,#761);
#533=LINE('',#3710,#762);
#534=LINE('',#3717,#763);
#535=LINE('',#3724,#764);
#536=LINE('',#3731,#765);
#537=LINE('',#3738,#766);
#538=LINE('',#3745,#767);
#539=LINE('',#3759,#768);
#540=LINE('',#3763,#769);
#541=LINE('',#3767,#770);
#542=LINE('',#3770,#771);
#543=LINE('',#3802,#772);
#544=LINE('',#3807,#773);
#545=LINE('',#3808,#774);
#546=LINE('',#3822,#775);
#547=LINE('',#3827,#776);
#548=LINE('',#3828,#777);
#549=LINE('',#3830,#778);
#550=LINE('',#3835,#779);
#551=LINE('',#3836,#780);
#552=LINE('',#3839,#781);
#553=LINE('',#3841,#782);
#554=LINE('',#3843,#783);
#555=LINE('',#3845,#784);
#556=LINE('',#3847,#785);
#557=LINE('',#3849,#786);
#558=LINE('',#3851,#787);
#559=LINE('',#3853,#788);
#560=LINE('',#3854,#789);
#561=LINE('',#3859,#790);
#562=LINE('',#3861,#791);
#563=LINE('',#3869,#792);
#564=LINE('',#3871,#793);
#565=LINE('',#3875,#794);
#566=LINE('',#3882,#795);
#567=LINE('',#3884,#796);
#568=LINE('',#3886,#797);
#569=LINE('',#3892,#798);
#570=LINE('',#3894,#799);
#571=LINE('',#3896,#800);
#572=LINE('',#3902,#801);
#573=LINE('',#3904,#802);
#574=LINE('',#3906,#803);
#575=LINE('',#3909,#804);
#576=LINE('',#3914,#805);
#577=LINE('',#3915,#806);
#578=LINE('',#3916,#807);
#579=LINE('',#3917,#808);
#580=LINE('',#3918,#809);
#581=LINE('',#3919,#810);
#582=LINE('',#3920,#811);
#583=LINE('',#3922,#812);
#584=LINE('',#3923,#813);
#585=LINE('',#3925,#814);
#586=LINE('',#3929,#815);
#587=LINE('',#3969,#816);
#588=LINE('',#4008,#817);
#589=LINE('',#4013,#818);
#590=LINE('',#4015,#819);
#591=LINE('',#4016,#820);
#592=LINE('',#4019,#821);
#593=LINE('',#4021,#822);
#594=LINE('',#4022,#823);
#595=LINE('',#4025,#824);
#596=LINE('',#4027,#825);
#597=LINE('',#4028,#826);
#598=LINE('',#4031,#827);
#599=LINE('',#4032,#828);
#600=LINE('',#4034,#829);
#601=LINE('',#4037,#830);
#602=LINE('',#4047,#831);
#603=LINE('',#4048,#832);
#604=LINE('',#4050,#833);
#605=LINE('',#4051,#834);
#606=LINE('',#4053,#835);
#607=LINE('',#4056,#836);
#608=LINE('',#4066,#837);
#609=LINE('',#4067,#838);
#610=LINE('',#4070,#839);
#611=LINE('',#4072,#840);
#612=LINE('',#4074,#841);
#613=LINE('',#4076,#842);
#614=LINE('',#4078,#843);
#615=LINE('',#4080,#844);
#616=LINE('',#4082,#845);
#617=LINE('',#4084,#846);
#618=LINE('',#4087,#847);
#619=LINE('',#4088,#848);
#620=LINE('',#4091,#849);
#621=LINE('',#4093,#850);
#622=LINE('',#4094,#851);
#623=LINE('',#4095,#852);
#624=LINE('',#4106,#853);
#625=LINE('',#4108,#854);
#626=LINE('',#4114,#855);
#627=LINE('',#4116,#856);
#628=LINE('',#4117,#857);
#629=LINE('',#4120,#858);
#630=LINE('',#4123,#859);
#631=LINE('',#4125,#860);
#632=LINE('',#4126,#861);
#633=LINE('',#4129,#862);
#634=LINE('',#4132,#863);
#635=LINE('',#4134,#864);
#636=LINE('',#4135,#865);
#637=LINE('',#4146,#866);
#638=LINE('',#4148,#867);
#639=LINE('',#4151,#868);
#640=VECTOR('',#2642,10.);
#641=VECTOR('',#2645,10.);
#642=VECTOR('',#2648,10.);
#643=VECTOR('',#2649,10.);
#644=VECTOR('',#2652,10.);
#645=VECTOR('',#2655,10.);
#646=VECTOR('',#2656,10.);
#647=VECTOR('',#2659,10.);
#648=VECTOR('',#2660,10.);
#649=VECTOR('',#2661,10.);
#650=VECTOR('',#2662,10.);
#651=VECTOR('',#2663,10.);
#652=VECTOR('',#2664,10.);
#653=VECTOR('',#2665,10.);
#654=VECTOR('',#2674,10.);
#655=VECTOR('',#2677,10.);
#656=VECTOR('',#2680,10.);
#657=VECTOR('',#2681,10.);
#658=VECTOR('',#2684,10.);
#659=VECTOR('',#2687,10.);
#660=VECTOR('',#2688,10.);
#661=VECTOR('',#2691,10.);
#662=VECTOR('',#2692,10.);
#663=VECTOR('',#2693,10.);
#664=VECTOR('',#2694,10.);
#665=VECTOR('',#2695,10.);
#666=VECTOR('',#2696,10.);
#667=VECTOR('',#2697,10.);
#668=VECTOR('',#2704,10.);
#669=VECTOR('',#2707,10.);
#670=VECTOR('',#2710,10.);
#671=VECTOR('',#2711,10.);
#672=VECTOR('',#2714,10.);
#673=VECTOR('',#2717,10.);
#674=VECTOR('',#2718,10.);
#675=VECTOR('',#2721,10.);
#676=VECTOR('',#2722,10.);
#677=VECTOR('',#2723,10.);
#678=VECTOR('',#2724,10.);
#679=VECTOR('',#2725,10.);
#680=VECTOR('',#2726,10.);
#681=VECTOR('',#2727,10.);
#682=VECTOR('',#2734,10.);
#683=VECTOR('',#2737,10.);
#684=VECTOR('',#2740,10.);
#685=VECTOR('',#2741,10.);
#686=VECTOR('',#2742,10.);
#687=VECTOR('',#2745,10.);
#688=VECTOR('',#2746,10.);
#689=VECTOR('',#2749,10.);
#690=VECTOR('',#2752,10.);
#691=VECTOR('',#2753,10.);
#692=VECTOR('',#2756,10.);
#693=VECTOR('',#2759,10.);
#694=VECTOR('',#2762,10.);
#695=VECTOR('',#2765,10.);
#696=VECTOR('',#2766,10.);
#697=VECTOR('',#2767,10.);
#698=VECTOR('',#2768,10.);
#699=VECTOR('',#2771,10.);
#700=VECTOR('',#2772,10.);
#701=VECTOR('',#2773,10.);
#702=VECTOR('',#2778,10.);
#703=VECTOR('',#2779,10.);
#704=VECTOR('',#2782,10.);
#705=VECTOR('',#2785,10.);
#706=VECTOR('',#2786,10.);
#707=VECTOR('',#2789,10.);
#708=VECTOR('',#2790,10.);
#709=VECTOR('',#2793,10.);
#710=VECTOR('',#2796,10.);
#711=VECTOR('',#2797,10.);
#712=VECTOR('',#2800,10.);
#713=VECTOR('',#2803,10.);
#714=VECTOR('',#2804,10.);
#715=VECTOR('',#2805,10.);
#716=VECTOR('',#2810,10.);
#717=VECTOR('',#2811,10.);
#718=VECTOR('',#2812,10.);
#719=VECTOR('',#2813,10.);
#720=VECTOR('',#2820,10.);
#721=VECTOR('',#2823,10.);
#722=VECTOR('',#2824,10.);
#723=VECTOR('',#2825,10.);
#724=VECTOR('',#2830,10.);
#725=VECTOR('',#2833,10.);
#726=VECTOR('',#2834,10.);
#727=VECTOR('',#2835,10.);
#728=VECTOR('',#2840,10.);
#729=VECTOR('',#2843,10.);
#730=VECTOR('',#2844,10.);
#731=VECTOR('',#2845,10.);
#732=VECTOR('',#2850,10.);
#733=VECTOR('',#2851,10.);
#734=VECTOR('',#2852,10.);
#735=VECTOR('',#2853,10.);
#736=VECTOR('',#2854,10.);
#737=VECTOR('',#2863,10.);
#738=VECTOR('',#2864,10.);
#739=VECTOR('',#2865,10.);
#740=VECTOR('',#2866,10.);
#741=VECTOR('',#2867,10.);
#742=VECTOR('',#2872,10.);
#743=VECTOR('',#2875,10.);
#744=VECTOR('',#2876,10.);
#745=VECTOR('',#2881,10.);
#746=VECTOR('',#2882,10.);
#747=VECTOR('',#2883,10.);
#748=VECTOR('',#2884,10.);
#749=VECTOR('',#2885,10.);
#750=VECTOR('',#2890,10.);
#751=VECTOR('',#2893,10.);
#752=VECTOR('',#2896,10.);
#753=VECTOR('',#2899,10.);
#754=VECTOR('',#2902,10.);
#755=VECTOR('',#2903,10.);
#756=VECTOR('',#2906,10.);
#757=VECTOR('',#2909,10.);
#758=VECTOR('',#2912,10.);
#759=VECTOR('',#2915,10.);
#760=VECTOR('',#2916,10.);
#761=VECTOR('',#2919,10.);
#762=VECTOR('',#2924,2.125);
#763=VECTOR('',#2933,2.125);
#764=VECTOR('',#2942,2.125);
#765=VECTOR('',#2951,2.125);
#766=VECTOR('',#2960,2.125);
#767=VECTOR('',#2969,2.125);
#768=VECTOR('',#2986,10.);
#769=VECTOR('',#2989,10.);
#770=VECTOR('',#2992,10.);
#771=VECTOR('',#2995,10.);
#772=VECTOR('',#3038,10.);
#773=VECTOR('',#3043,10.);
#774=VECTOR('',#3044,10.);
#775=VECTOR('',#3063,10.);
#776=VECTOR('',#3068,10.);
#777=VECTOR('',#3069,10.);
#778=VECTOR('',#3072,10.);
#779=VECTOR('',#3077,10.);
#780=VECTOR('',#3078,10.);
#781=VECTOR('',#3081,10.);
#782=VECTOR('',#3082,10.);
#783=VECTOR('',#3083,10.);
#784=VECTOR('',#3084,10.);
#785=VECTOR('',#3085,10.);
#786=VECTOR('',#3086,10.);
#787=VECTOR('',#3087,10.);
#788=VECTOR('',#3088,10.);
#789=VECTOR('',#3089,10.);
#790=VECTOR('',#3094,10.);
#791=VECTOR('',#3095,10.);
#792=VECTOR('',#3096,10.);
#793=VECTOR('',#3099,10.);
#794=VECTOR('',#3104,10.);
#795=VECTOR('',#3113,10.);
#796=VECTOR('',#3114,10.);
#797=VECTOR('',#3115,10.);
#798=VECTOR('',#3122,10.);
#799=VECTOR('',#3123,10.);
#800=VECTOR('',#3124,10.);
#801=VECTOR('',#3131,10.);
#802=VECTOR('',#3132,10.);
#803=VECTOR('',#3133,10.);
#804=VECTOR('',#3138,10.);
#805=VECTOR('',#3143,10.);
#806=VECTOR('',#3144,10.);
#807=VECTOR('',#3145,10.);
#808=VECTOR('',#3146,10.);
#809=VECTOR('',#3147,10.);
#810=VECTOR('',#3148,10.);
#811=VECTOR('',#3149,10.);
#812=VECTOR('',#3150,10.);
#813=VECTOR('',#3151,10.);
#814=VECTOR('',#3152,10.);
#815=VECTOR('',#3157,0.549999999999999);
#816=VECTOR('',#3160,0.549999999999995);
#817=VECTOR('',#3163,10.);
#818=VECTOR('',#3170,10.);
#819=VECTOR('',#3171,10.);
#820=VECTOR('',#3172,10.);
#821=VECTOR('',#3175,10.);
#822=VECTOR('',#3176,10.);
#823=VECTOR('',#3177,10.);
#824=VECTOR('',#3180,10.);
#825=VECTOR('',#3181,10.);
#826=VECTOR('',#3182,10.);
#827=VECTOR('',#3187,10.);
#828=VECTOR('',#3188,10.);
#829=VECTOR('',#3191,10.);
#830=VECTOR('',#3194,10.);
#831=VECTOR('',#3197,10.);
#832=VECTOR('',#3198,10.);
#833=VECTOR('',#3201,10.);
#834=VECTOR('',#3202,10.);
#835=VECTOR('',#3205,10.);
#836=VECTOR('',#3208,10.);
#837=VECTOR('',#3211,10.);
#838=VECTOR('',#3212,10.);
#839=VECTOR('',#3217,10.);
#840=VECTOR('',#3220,10.);
#841=VECTOR('',#3223,10.);
#842=VECTOR('',#3226,3.65);
#843=VECTOR('',#3229,3.65);
#844=VECTOR('',#3232,3.65);
#845=VECTOR('',#3235,3.65);
#846=VECTOR('',#3238,3.65);
#847=VECTOR('',#3241,10.);
#848=VECTOR('',#3242,10.);
#849=VECTOR('',#3247,10.);
#850=VECTOR('',#3250,10.);
#851=VECTOR('',#3251,10.);
#852=VECTOR('',#3252,10.);
#853=VECTOR('',#3255,10.);
#854=VECTOR('',#3258,10.);
#855=VECTOR('',#3269,10.);
#856=VECTOR('',#3272,10.);
#857=VECTOR('',#3273,10.);
#858=VECTOR('',#3278,10.);
#859=VECTOR('',#3283,10.);
#860=VECTOR('',#3286,10.);
#861=VECTOR('',#3287,10.);
#862=VECTOR('',#3292,10.);
#863=VECTOR('',#3297,10.);
#864=VECTOR('',#3300,10.);
#865=VECTOR('',#3301,10.);
#866=VECTOR('',#3304,10.);
#867=VECTOR('',#3307,10.);
#868=VECTOR('',#3312,10.);
#869=CIRCLE('',#2413,3.);
#870=CIRCLE('',#2414,3.);
#871=CIRCLE('',#2418,10.);
#872=CIRCLE('',#2419,1.);
#873=CIRCLE('',#2420,0.549999999999999);
#874=CIRCLE('',#2422,3.);
#875=CIRCLE('',#2423,3.);
#876=CIRCLE('',#2427,10.);
#877=CIRCLE('',#2428,1.);
#878=CIRCLE('',#2430,3.);
#879=CIRCLE('',#2431,3.);
#880=CIRCLE('',#2435,10.);
#881=CIRCLE('',#2436,1.);
#882=CIRCLE('',#2438,3.);
#883=CIRCLE('',#2439,3.);
#884=CIRCLE('',#2442,10.);
#885=CIRCLE('',#2445,10.);
#886=CIRCLE('',#2446,10.);
#887=CIRCLE('',#2449,0.549999999999995);
#888=CIRCLE('',#2451,10.);
#889=CIRCLE('',#2454,10.);
#890=CIRCLE('',#2457,8.);
#891=CIRCLE('',#2458,3.65);
#892=CIRCLE('',#2460,8.);
#893=CIRCLE('',#2461,3.65);
#894=CIRCLE('',#2463,8.);
#895=CIRCLE('',#2464,3.65);
#896=CIRCLE('',#2466,8.);
#897=CIRCLE('',#2467,3.65);
#898=CIRCLE('',#2469,8.);
#899=CIRCLE('',#2470,3.65);
#900=CIRCLE('',#2472,8.);
#901=CIRCLE('',#2473,3.65);
#902=CIRCLE('',#2475,8.);
#903=CIRCLE('',#2476,3.65);
#904=CIRCLE('',#2478,2.);
#905=CIRCLE('',#2480,8.);
#906=CIRCLE('',#2481,3.65);
#907=CIRCLE('',#2483,2.);
#908=CIRCLE('',#2485,2.);
#909=CIRCLE('',#2489,2.);
#910=CIRCLE('',#2493,2.125);
#911=CIRCLE('',#2494,2.125);
#912=CIRCLE('',#2497,2.125);
#913=CIRCLE('',#2498,2.125);
#914=CIRCLE('',#2501,2.125);
#915=CIRCLE('',#2502,2.125);
#916=CIRCLE('',#2505,2.125);
#917=CIRCLE('',#2506,2.125);
#918=CIRCLE('',#2509,2.125);
#919=CIRCLE('',#2510,2.125);
#920=CIRCLE('',#2513,2.125);
#921=CIRCLE('',#2514,2.125);
#922=CIRCLE('',#2517,5.25);
#923=CIRCLE('',#2518,2.);
#924=CIRCLE('',#2519,3.25);
#925=CIRCLE('',#2521,3.);
#926=CIRCLE('',#2522,3.00000000000001);
#927=CIRCLE('',#2523,3.00000000000001);
#928=CIRCLE('',#2524,3.);
#929=CIRCLE('',#2525,5.25);
#930=CIRCLE('',#2526,5.25);
#931=CIRCLE('',#2527,5.25);
#932=CIRCLE('',#2529,2.);
#933=CIRCLE('',#2530,3.25);
#934=CIRCLE('',#2532,2.);
#935=CIRCLE('',#2533,3.25);
#936=CIRCLE('',#2535,2.);
#937=CIRCLE('',#2536,3.25);
#938=CIRCLE('',#2538,5.);
#939=CIRCLE('',#2539,2.);
#940=CIRCLE('',#2540,1.99999999999999);
#941=CIRCLE('',#2542,1.99999999999999);
#942=CIRCLE('',#2543,5.);
#943=CIRCLE('',#2544,2.);
#944=CIRCLE('',#2547,5.);
#945=CIRCLE('',#2549,2.);
#946=CIRCLE('',#2550,5.);
#947=CIRCLE('',#2551,2.);
#948=CIRCLE('',#2553,2.);
#949=CIRCLE('',#2554,5.);
#950=CIRCLE('',#2555,2.);
#951=CIRCLE('',#2558,5.);
#952=CIRCLE('',#2561,5.);
#953=CIRCLE('',#2564,5.);
#954=CIRCLE('',#2566,3.65);
#955=CIRCLE('',#2569,2.);
#956=CIRCLE('',#2571,2.);
#957=CIRCLE('',#2572,2.);
#958=CIRCLE('',#2574,2.);
#959=CIRCLE('',#2575,2.);
#960=CIRCLE('',#2577,2.);
#961=CIRCLE('',#2578,2.);
#962=CIRCLE('',#2580,3.65);
#963=CIRCLE('',#2582,1.);
#964=CIRCLE('',#2611,2.);
#965=VERTEX_POINT('',#3317);
#966=VERTEX_POINT('',#3318);
#967=VERTEX_POINT('',#3320);
#968=VERTEX_POINT('',#3322);
#969=VERTEX_POINT('',#3326);
#970=VERTEX_POINT('',#3328);
#971=VERTEX_POINT('',#3330);
#972=VERTEX_POINT('',#3334);
#973=VERTEX_POINT('',#3336);
#974=VERTEX_POINT('',#3338);
#975=VERTEX_POINT('',#3340);
#976=VERTEX_POINT('',#3342);
#977=VERTEX_POINT('',#3344);
#978=VERTEX_POINT('',#3346);
#979=VERTEX_POINT('',#3348);
#980=VERTEX_POINT('',#3350);
#981=VERTEX_POINT('',#3352);
#982=VERTEX_POINT('',#3355);
#983=VERTEX_POINT('',#3358);
#984=VERTEX_POINT('',#3359);
#985=VERTEX_POINT('',#3361);
#986=VERTEX_POINT('',#3363);
#987=VERTEX_POINT('',#3367);
#988=VERTEX_POINT('',#3369);
#989=VERTEX_POINT('',#3371);
#990=VERTEX_POINT('',#3375);
#991=VERTEX_POINT('',#3377);
#992=VERTEX_POINT('',#3379);
#993=VERTEX_POINT('',#3381);
#994=VERTEX_POINT('',#3383);
#995=VERTEX_POINT('',#3385);
#996=VERTEX_POINT('',#3387);
#997=VERTEX_POINT('',#3389);
#998=VERTEX_POINT('',#3391);
#999=VERTEX_POINT('',#3393);
#1000=VERTEX_POINT('',#3397);
#1001=VERTEX_POINT('',#3398);
#1002=VERTEX_POINT('',#3400);
#1003=VERTEX_POINT('',#3402);
#1004=VERTEX_POINT('',#3406);
#1005=VERTEX_POINT('',#3408);
#1006=VERTEX_POINT('',#3410);
#1007=VERTEX_POINT('',#3414);
#1008=VERTEX_POINT('',#3416);
#1009=VERTEX_POINT('',#3418);
#1010=VERTEX_POINT('',#3420);
#1011=VERTEX_POINT('',#3422);
#1012=VERTEX_POINT('',#3424);
#1013=VERTEX_POINT('',#3426);
#1014=VERTEX_POINT('',#3428);
#1015=VERTEX_POINT('',#3430);
#1016=VERTEX_POINT('',#3432);
#1017=VERTEX_POINT('',#3436);
#1018=VERTEX_POINT('',#3437);
#1019=VERTEX_POINT('',#3439);
#1020=VERTEX_POINT('',#3441);
#1021=VERTEX_POINT('',#3445);
#1022=VERTEX_POINT('',#3447);
#1023=VERTEX_POINT('',#3451);
#1024=VERTEX_POINT('',#3452);
#1025=VERTEX_POINT('',#3459);
#1026=VERTEX_POINT('',#3467);
#1027=VERTEX_POINT('',#3469);
#1028=VERTEX_POINT('',#3473);
#1029=VERTEX_POINT('',#3477);
#1030=VERTEX_POINT('',#3478);
#1031=VERTEX_POINT('',#3485);
#1032=VERTEX_POINT('',#3492);
#1033=VERTEX_POINT('',#3494);
#1034=VERTEX_POINT('',#3496);
#1035=VERTEX_POINT('',#3498);
#1036=VERTEX_POINT('',#3502);
#1037=VERTEX_POINT('',#3504);
#1038=VERTEX_POINT('',#3509);
#1039=VERTEX_POINT('',#3511);
#1040=VERTEX_POINT('',#3514);
#1041=VERTEX_POINT('',#3517);
#1042=VERTEX_POINT('',#3518);
#1043=VERTEX_POINT('',#3525);
#1044=VERTEX_POINT('',#3533);
#1045=VERTEX_POINT('',#3535);
#1046=VERTEX_POINT('',#3539);
#1047=VERTEX_POINT('',#3543);
#1048=VERTEX_POINT('',#3544);
#1049=VERTEX_POINT('',#3551);
#1050=VERTEX_POINT('',#3559);
#1051=VERTEX_POINT('',#3561);
#1052=VERTEX_POINT('',#3565);
#1053=VERTEX_POINT('',#3569);
#1054=VERTEX_POINT('',#3571);
#1055=VERTEX_POINT('',#3573);
#1056=VERTEX_POINT('',#3575);
#1057=VERTEX_POINT('',#3580);
#1058=VERTEX_POINT('',#3581);
#1059=VERTEX_POINT('',#3583);
#1060=VERTEX_POINT('',#3585);
#1061=VERTEX_POINT('',#3587);
#1062=VERTEX_POINT('',#3590);
#1063=VERTEX_POINT('',#3593);
#1064=VERTEX_POINT('',#3595);
#1065=VERTEX_POINT('',#3597);
#1066=VERTEX_POINT('',#3599);
#1067=VERTEX_POINT('',#3604);
#1068=VERTEX_POINT('',#3606);
#1069=VERTEX_POINT('',#3608);
#1070=VERTEX_POINT('',#3610);
#1071=VERTEX_POINT('',#3615);
#1072=VERTEX_POINT('',#3617);
#1073=VERTEX_POINT('',#3619);
#1074=VERTEX_POINT('',#3621);
#1075=VERTEX_POINT('',#3626);
#1076=VERTEX_POINT('',#3627);
#1077=VERTEX_POINT('',#3630);
#1078=VERTEX_POINT('',#3632);
#1079=VERTEX_POINT('',#3634);
#1080=VERTEX_POINT('',#3637);
#1081=VERTEX_POINT('',#3640);
#1082=VERTEX_POINT('',#3641);
#1083=VERTEX_POINT('',#3643);
#1084=VERTEX_POINT('',#3646);
#1085=VERTEX_POINT('',#3648);
#1086=VERTEX_POINT('',#3651);
#1087=VERTEX_POINT('',#3654);
#1088=VERTEX_POINT('',#3656);
#1089=VERTEX_POINT('',#3658);
#1090=VERTEX_POINT('',#3662);
#1091=VERTEX_POINT('',#3663);
#1092=VERTEX_POINT('',#3665);
#1093=VERTEX_POINT('',#3668);
#1094=VERTEX_POINT('',#3670);
#1095=VERTEX_POINT('',#3673);
#1096=VERTEX_POINT('',#3676);
#1097=VERTEX_POINT('',#3678);
#1098=VERTEX_POINT('',#3682);
#1099=VERTEX_POINT('',#3684);
#1100=VERTEX_POINT('',#3688);
#1101=VERTEX_POINT('',#3690);
#1102=VERTEX_POINT('',#3692);
#1103=VERTEX_POINT('',#3696);
#1104=VERTEX_POINT('',#3698);
#1105=VERTEX_POINT('',#3707);
#1106=VERTEX_POINT('',#3709);
#1107=VERTEX_POINT('',#3714);
#1108=VERTEX_POINT('',#3716);
#1109=VERTEX_POINT('',#3721);
#1110=VERTEX_POINT('',#3723);
#1111=VERTEX_POINT('',#3728);
#1112=VERTEX_POINT('',#3730);
#1113=VERTEX_POINT('',#3735);
#1114=VERTEX_POINT('',#3737);
#1115=VERTEX_POINT('',#3742);
#1116=VERTEX_POINT('',#3744);
#1117=VERTEX_POINT('',#3749);
#1118=VERTEX_POINT('',#3751);
#1119=VERTEX_POINT('',#3755);
#1120=VERTEX_POINT('',#3756);
#1121=VERTEX_POINT('',#3758);
#1122=VERTEX_POINT('',#3760);
#1123=VERTEX_POINT('',#3762);
#1124=VERTEX_POINT('',#3764);
#1125=VERTEX_POINT('',#3766);
#1126=VERTEX_POINT('',#3768);
#1127=VERTEX_POINT('',#3771);
#1128=VERTEX_POINT('',#3773);
#1129=VERTEX_POINT('',#3775);
#1130=VERTEX_POINT('',#3778);
#1131=VERTEX_POINT('',#3782);
#1132=VERTEX_POINT('',#3786);
#1133=VERTEX_POINT('',#3790);
#1134=VERTEX_POINT('',#3791);
#1135=VERTEX_POINT('',#3796);
#1136=VERTEX_POINT('',#3798);
#1137=VERTEX_POINT('',#3804);
#1138=VERTEX_POINT('',#3805);
#1139=VERTEX_POINT('',#3810);
#1140=VERTEX_POINT('',#3812);
#1141=VERTEX_POINT('',#3816);
#1142=VERTEX_POINT('',#3818);
#1143=VERTEX_POINT('',#3824);
#1144=VERTEX_POINT('',#3825);
#1145=VERTEX_POINT('',#3832);
#1146=VERTEX_POINT('',#3833);
#1147=VERTEX_POINT('',#3838);
#1148=VERTEX_POINT('',#3840);
#1149=VERTEX_POINT('',#3842);
#1150=VERTEX_POINT('',#3844);
#1151=VERTEX_POINT('',#3846);
#1152=VERTEX_POINT('',#3848);
#1153=VERTEX_POINT('',#3850);
#1154=VERTEX_POINT('',#3852);
#1155=VERTEX_POINT('',#3856);
#1156=VERTEX_POINT('',#3857);
#1157=VERTEX_POINT('',#3860);
#1158=VERTEX_POINT('',#3862);
#1159=VERTEX_POINT('',#3872);
#1160=VERTEX_POINT('',#3879);
#1161=VERTEX_POINT('',#3881);
#1162=VERTEX_POINT('',#3883);
#1163=VERTEX_POINT('',#3885);
#1164=VERTEX_POINT('',#3889);
#1165=VERTEX_POINT('',#3891);
#1166=VERTEX_POINT('',#3893);
#1167=VERTEX_POINT('',#3895);
#1168=VERTEX_POINT('',#3899);
#1169=VERTEX_POINT('',#3901);
#1170=VERTEX_POINT('',#3903);
#1171=VERTEX_POINT('',#3905);
#1172=VERTEX_POINT('',#3910);
#1173=VERTEX_POINT('',#3913);
#1174=VERTEX_POINT('',#3921);
#1175=VERTEX_POINT('',#3924);
#1176=VERTEX_POINT('',#3928);
#1177=VERTEX_POINT('',#3930);
#1178=VERTEX_POINT('',#3968);
#1179=VERTEX_POINT('',#3970);
#1180=VERTEX_POINT('',#4012);
#1181=VERTEX_POINT('',#4014);
#1182=VERTEX_POINT('',#4018);
#1183=VERTEX_POINT('',#4020);
#1184=VERTEX_POINT('',#4024);
#1185=VERTEX_POINT('',#4026);
#1186=VERTEX_POINT('',#4036);
#1187=VERTEX_POINT('',#4055);
#1188=VERTEX_POINT('',#4086);
#1189=VERTEX_POINT('',#4097);
#1190=VERTEX_POINT('',#4137);
#1191=EDGE_CURVE('',#965,#966,#869,.T.);
#1192=EDGE_CURVE('',#966,#967,#411,.T.);
#1193=EDGE_CURVE('',#967,#968,#870,.F.);
#1194=EDGE_CURVE('',#968,#965,#412,.T.);
#1195=EDGE_CURVE('',#966,#969,#413,.T.);
#1196=EDGE_CURVE('',#970,#969,#414,.T.);
#1197=EDGE_CURVE('',#970,#971,#64,.T.);
#1198=EDGE_CURVE('',#971,#967,#415,.T.);
#1199=EDGE_CURVE('',#972,#965,#416,.T.);
#1200=EDGE_CURVE('',#973,#972,#417,.T.);
#1201=EDGE_CURVE('',#974,#973,#871,.T.);
#1202=EDGE_CURVE('',#974,#975,#418,.T.);
#1203=EDGE_CURVE('',#976,#975,#419,.T.);
#1204=EDGE_CURVE('',#976,#977,#420,.T.);
#1205=EDGE_CURVE('',#978,#977,#421,.T.);
#1206=EDGE_CURVE('',#979,#978,#422,.T.);
#1207=EDGE_CURVE('',#980,#979,#423,.T.);
#1208=EDGE_CURVE('',#981,#980,#424,.T.);
#1209=EDGE_CURVE('',#969,#981,#872,.T.);
#1210=EDGE_CURVE('',#982,#982,#873,.T.);
#1211=EDGE_CURVE('',#983,#984,#874,.T.);
#1212=EDGE_CURVE('',#984,#985,#425,.T.);
#1213=EDGE_CURVE('',#985,#986,#875,.F.);
#1214=EDGE_CURVE('',#986,#983,#426,.T.);
#1215=EDGE_CURVE('',#984,#987,#427,.T.);
#1216=EDGE_CURVE('',#988,#987,#428,.T.);
#1217=EDGE_CURVE('',#988,#989,#65,.T.);
#1218=EDGE_CURVE('',#989,#985,#429,.T.);
#1219=EDGE_CURVE('',#990,#983,#430,.T.);
#1220=EDGE_CURVE('',#991,#990,#431,.T.);
#1221=EDGE_CURVE('',#992,#991,#876,.T.);
#1222=EDGE_CURVE('',#993,#992,#432,.T.);
#1223=EDGE_CURVE('',#994,#993,#433,.T.);
#1224=EDGE_CURVE('',#994,#995,#434,.T.);
#1225=EDGE_CURVE('',#996,#995,#435,.T.);
#1226=EDGE_CURVE('',#997,#996,#436,.T.);
#1227=EDGE_CURVE('',#998,#997,#437,.T.);
#1228=EDGE_CURVE('',#999,#998,#438,.T.);
#1229=EDGE_CURVE('',#987,#999,#877,.T.);
#1230=EDGE_CURVE('',#1000,#1001,#878,.T.);
#1231=EDGE_CURVE('',#1001,#1002,#439,.T.);
#1232=EDGE_CURVE('',#1002,#1003,#879,.F.);
#1233=EDGE_CURVE('',#1003,#1000,#440,.T.);
#1234=EDGE_CURVE('',#1001,#1004,#441,.T.);
#1235=EDGE_CURVE('',#1005,#1004,#442,.T.);
#1236=EDGE_CURVE('',#1005,#1006,#66,.T.);
#1237=EDGE_CURVE('',#1006,#1002,#443,.T.);
#1238=EDGE_CURVE('',#1007,#1000,#444,.T.);
#1239=EDGE_CURVE('',#1008,#1007,#445,.T.);
#1240=EDGE_CURVE('',#1009,#1008,#880,.T.);
#1241=EDGE_CURVE('',#1010,#1009,#446,.T.);
#1242=EDGE_CURVE('',#1011,#1010,#447,.T.);
#1243=EDGE_CURVE('',#1011,#1012,#448,.T.);
#1244=EDGE_CURVE('',#1013,#1012,#449,.T.);
#1245=EDGE_CURVE('',#1014,#1013,#450,.T.);
#1246=EDGE_CURVE('',#1015,#1014,#451,.T.);
#1247=EDGE_CURVE('',#1016,#1015,#452,.T.);
#1248=EDGE_CURVE('',#1004,#1016,#881,.T.);
#1249=EDGE_CURVE('',#1017,#1018,#882,.T.);
#1250=EDGE_CURVE('',#1018,#1019,#453,.T.);
#1251=EDGE_CURVE('',#1019,#1020,#883,.F.);
#1252=EDGE_CURVE('',#1020,#1017,#454,.T.);
#1253=EDGE_CURVE('',#1020,#1021,#455,.T.);
#1254=EDGE_CURVE('',#1022,#1021,#456,.T.);
#1255=EDGE_CURVE('',#1017,#1022,#457,.T.);
#1256=EDGE_CURVE('',#1023,#1024,#23,.T.);
#1257=EDGE_CURVE('',#1024,#1025,#24,.T.);
#1258=EDGE_CURVE('',#1025,#974,#458,.T.);
#1259=EDGE_CURVE('',#973,#1026,#459,.T.);
#1260=EDGE_CURVE('',#1026,#1027,#884,.F.);
#1261=EDGE_CURVE('',#1027,#1023,#460,.T.);
#1262=EDGE_CURVE('',#972,#1028,#461,.T.);
#1263=EDGE_CURVE('',#1028,#1026,#462,.T.);
#1264=EDGE_CURVE('',#1029,#1030,#25,.T.);
#1265=EDGE_CURVE('',#1030,#1031,#26,.T.);
#1266=EDGE_CURVE('',#1031,#1032,#463,.T.);
#1267=EDGE_CURVE('',#1032,#1033,#885,.T.);
#1268=EDGE_CURVE('',#1033,#1034,#464,.T.);
#1269=EDGE_CURVE('',#1034,#1035,#886,.F.);
#1270=EDGE_CURVE('',#1035,#1029,#465,.T.);
#1271=EDGE_CURVE('',#1033,#1036,#466,.T.);
#1272=EDGE_CURVE('',#1036,#1037,#467,.T.);
#1273=EDGE_CURVE('',#1022,#1037,#468,.T.);
#1274=EDGE_CURVE('',#1021,#1034,#469,.T.);
#1275=EDGE_CURVE('',#1038,#1032,#470,.T.);
#1276=EDGE_CURVE('',#1039,#1038,#471,.T.);
#1277=EDGE_CURVE('',#1036,#1039,#472,.T.);
#1278=EDGE_CURVE('',#1040,#1040,#887,.T.);
#1279=EDGE_CURVE('',#1041,#1042,#27,.T.);
#1280=EDGE_CURVE('',#1042,#1043,#28,.T.);
#1281=EDGE_CURVE('',#1043,#1009,#473,.T.);
#1282=EDGE_CURVE('',#1008,#1044,#474,.T.);
#1283=EDGE_CURVE('',#1044,#1045,#888,.F.);
#1284=EDGE_CURVE('',#1045,#1041,#475,.T.);
#1285=EDGE_CURVE('',#1007,#1046,#476,.T.);
#1286=EDGE_CURVE('',#1046,#1044,#477,.T.);
#1287=EDGE_CURVE('',#1047,#1048,#29,.T.);
#1288=EDGE_CURVE('',#1048,#1049,#30,.T.);
#1289=EDGE_CURVE('',#1049,#992,#478,.T.);
#1290=EDGE_CURVE('',#991,#1050,#479,.T.);
#1291=EDGE_CURVE('',#1050,#1051,#889,.F.);
#1292=EDGE_CURVE('',#1051,#1047,#480,.T.);
#1293=EDGE_CURVE('',#990,#1052,#481,.T.);
#1294=EDGE_CURVE('',#1052,#1050,#482,.T.);
#1295=EDGE_CURVE('',#1027,#1053,#483,.T.);
#1296=EDGE_CURVE('',#1053,#1054,#890,.T.);
#1297=EDGE_CURVE('',#1055,#1054,#484,.T.);
#1298=EDGE_CURVE('',#1056,#1055,#485,.T.);
#1299=EDGE_CURVE('',#975,#1056,#486,.T.);
#1300=EDGE_CURVE('',#1025,#1023,#891,.T.);
#1301=EDGE_CURVE('',#1057,#1058,#487,.T.);
#1302=EDGE_CURVE('',#1059,#1058,#488,.T.);
#1303=EDGE_CURVE('',#1060,#1059,#489,.T.);
#1304=EDGE_CURVE('',#1061,#1060,#490,.T.);
#1305=EDGE_CURVE('',#1061,#1057,#892,.T.);
#1306=EDGE_CURVE('',#1062,#1062,#893,.T.);
#1307=EDGE_CURVE('',#1051,#1063,#491,.T.);
#1308=EDGE_CURVE('',#1063,#1064,#894,.T.);
#1309=EDGE_CURVE('',#1065,#1064,#492,.T.);
#1310=EDGE_CURVE('',#1066,#1065,#493,.T.);
#1311=EDGE_CURVE('',#1066,#993,#494,.T.);
#1312=EDGE_CURVE('',#1049,#1047,#895,.T.);
#1313=EDGE_CURVE('',#1045,#1067,#495,.T.);
#1314=EDGE_CURVE('',#1067,#1068,#896,.T.);
#1315=EDGE_CURVE('',#1069,#1068,#496,.T.);
#1316=EDGE_CURVE('',#1070,#1069,#497,.T.);
#1317=EDGE_CURVE('',#1070,#1010,#498,.T.);
#1318=EDGE_CURVE('',#1043,#1041,#897,.T.);
#1319=EDGE_CURVE('',#1035,#1071,#499,.T.);
#1320=EDGE_CURVE('',#1071,#1072,#898,.T.);
#1321=EDGE_CURVE('',#1073,#1072,#500,.T.);
#1322=EDGE_CURVE('',#1074,#1073,#501,.T.);
#1323=EDGE_CURVE('',#1074,#1038,#502,.T.);
#1324=EDGE_CURVE('',#1031,#1029,#899,.T.);
#1325=EDGE_CURVE('',#1075,#1076,#503,.T.);
#1326=EDGE_CURVE('',#1012,#1076,#504,.T.);
#1327=EDGE_CURVE('',#1011,#1077,#505,.T.);
#1328=EDGE_CURVE('',#1078,#1077,#506,.T.);
#1329=EDGE_CURVE('',#1078,#1079,#507,.T.);
#1330=EDGE_CURVE('',#1079,#1075,#900,.T.);
#1331=EDGE_CURVE('',#1080,#1080,#901,.T.);
#1332=EDGE_CURVE('',#1081,#1082,#902,.T.);
#1333=EDGE_CURVE('',#1082,#1083,#508,.T.);
#1334=EDGE_CURVE('',#995,#1083,#509,.T.);
#1335=EDGE_CURVE('',#994,#1084,#510,.T.);
#1336=EDGE_CURVE('',#1085,#1084,#511,.T.);
#1337=EDGE_CURVE('',#1085,#1081,#512,.T.);
#1338=EDGE_CURVE('',#1086,#1086,#903,.T.);
#1339=EDGE_CURVE('',#1058,#1087,#513,.T.);
#1340=EDGE_CURVE('',#1087,#1088,#904,.F.);
#1341=EDGE_CURVE('',#1089,#1088,#514,.T.);
#1342=EDGE_CURVE('',#1059,#1089,#515,.T.);
#1343=EDGE_CURVE('',#1090,#1091,#905,.T.);
#1344=EDGE_CURVE('',#1091,#1092,#516,.T.);
#1345=EDGE_CURVE('',#977,#1092,#517,.T.);
#1346=EDGE_CURVE('',#976,#1093,#518,.T.);
#1347=EDGE_CURVE('',#1094,#1093,#519,.T.);
#1348=EDGE_CURVE('',#1094,#1090,#520,.T.);
#1349=EDGE_CURVE('',#1095,#1095,#906,.T.);
#1350=EDGE_CURVE('',#1083,#1096,#521,.T.);
#1351=EDGE_CURVE('',#1096,#1097,#907,.F.);
#1352=EDGE_CURVE('',#996,#1097,#522,.T.);
#1353=EDGE_CURVE('',#1092,#1098,#523,.T.);
#1354=EDGE_CURVE('',#1098,#1099,#908,.F.);
#1355=EDGE_CURVE('',#978,#1099,#524,.T.);
#1356=EDGE_CURVE('',#1100,#1018,#525,.T.);
#1357=EDGE_CURVE('',#1101,#1100,#526,.T.);
#1358=EDGE_CURVE('',#1101,#1102,#67,.T.);
#1359=EDGE_CURVE('',#1102,#1019,#527,.T.);
#1360=EDGE_CURVE('',#1076,#1103,#528,.T.);
#1361=EDGE_CURVE('',#1103,#1104,#909,.F.);
#1362=EDGE_CURVE('',#1013,#1104,#529,.T.);
#1363=EDGE_CURVE('',#1054,#1061,#530,.T.);
#1364=EDGE_CURVE('',#1055,#1060,#531,.T.);
#1365=EDGE_CURVE('',#1093,#1056,#532,.T.);
#1366=EDGE_CURVE('',#1105,#1105,#910,.T.);
#1367=EDGE_CURVE('',#1105,#1106,#533,.T.);
#1368=EDGE_CURVE('',#1106,#1106,#911,.T.);
#1369=EDGE_CURVE('',#1107,#1107,#912,.T.);
#1370=EDGE_CURVE('',#1107,#1108,#534,.T.);
#1371=EDGE_CURVE('',#1108,#1108,#913,.T.);
#1372=EDGE_CURVE('',#1109,#1109,#914,.T.);
#1373=EDGE_CURVE('',#1109,#1110,#535,.T.);
#1374=EDGE_CURVE('',#1110,#1110,#915,.T.);
#1375=EDGE_CURVE('',#1111,#1111,#916,.T.);
#1376=EDGE_CURVE('',#1111,#1112,#536,.T.);
#1377=EDGE_CURVE('',#1112,#1112,#917,.T.);
#1378=EDGE_CURVE('',#1113,#1113,#918,.T.);
#1379=EDGE_CURVE('',#1113,#1114,#537,.T.);
#1380=EDGE_CURVE('',#1114,#1114,#919,.T.);
#1381=EDGE_CURVE('',#1115,#1115,#920,.T.);
#1382=EDGE_CURVE('',#1115,#1116,#538,.T.);
#1383=EDGE_CURVE('',#1116,#1116,#921,.T.);
#1384=EDGE_CURVE('',#1117,#1117,#922,.T.);
#1385=EDGE_CURVE('',#1117,#1118,#923,.T.);
#1386=EDGE_CURVE('',#1118,#1118,#924,.T.);
#1387=EDGE_CURVE('',#1119,#1120,#925,.T.);
#1388=EDGE_CURVE('',#1121,#1119,#539,.T.);
#1389=EDGE_CURVE('',#1122,#1121,#926,.T.);
#1390=EDGE_CURVE('',#1123,#1122,#540,.T.);
#1391=EDGE_CURVE('',#1124,#1123,#927,.T.);
#1392=EDGE_CURVE('',#1125,#1124,#541,.T.);
#1393=EDGE_CURVE('',#1126,#1125,#928,.T.);
#1394=EDGE_CURVE('',#1120,#1126,#542,.T.);
#1395=EDGE_CURVE('',#1127,#1127,#929,.T.);
#1396=EDGE_CURVE('',#1128,#1128,#930,.T.);
#1397=EDGE_CURVE('',#1129,#1129,#931,.T.);
#1398=EDGE_CURVE('',#1127,#1130,#932,.T.);
#1399=EDGE_CURVE('',#1130,#1130,#933,.T.);
#1400=EDGE_CURVE('',#1129,#1131,#934,.T.);
#1401=EDGE_CURVE('',#1131,#1131,#935,.T.);
#1402=EDGE_CURVE('',#1128,#1132,#936,.T.);
#1403=EDGE_CURVE('',#1132,#1132,#937,.T.);
#1404=EDGE_CURVE('',#1133,#1134,#938,.F.);
#1405=EDGE_CURVE('',#1124,#1133,#939,.T.);
#1406=EDGE_CURVE('',#1134,#1123,#940,.T.);
#1407=EDGE_CURVE('',#1135,#1125,#941,.T.);
#1408=EDGE_CURVE('',#1136,#1135,#942,.F.);
#1409=EDGE_CURVE('',#1126,#1136,#943,.T.);
#1410=EDGE_CURVE('',#1133,#1135,#543,.T.);
#1411=EDGE_CURVE('',#1137,#1138,#944,.T.);
#1412=EDGE_CURVE('',#1138,#1136,#544,.T.);
#1413=EDGE_CURVE('',#1135,#1137,#545,.T.);
#1414=EDGE_CURVE('',#1139,#1121,#945,.T.);
#1415=EDGE_CURVE('',#1140,#1139,#946,.F.);
#1416=EDGE_CURVE('',#1122,#1140,#947,.T.);
#1417=EDGE_CURVE('',#1141,#1120,#948,.T.);
#1418=EDGE_CURVE('',#1142,#1141,#949,.F.);
#1419=EDGE_CURVE('',#1119,#1142,#950,.T.);
#1420=EDGE_CURVE('',#1136,#1141,#546,.T.);
#1421=EDGE_CURVE('',#1143,#1144,#951,.T.);
#1422=EDGE_CURVE('',#1144,#1142,#547,.T.);
#1423=EDGE_CURVE('',#1141,#1143,#548,.T.);
#1424=EDGE_CURVE('',#1142,#1139,#549,.T.);
#1425=EDGE_CURVE('',#1145,#1146,#952,.T.);
#1426=EDGE_CURVE('',#1146,#1140,#550,.T.);
#1427=EDGE_CURVE('',#1139,#1145,#551,.T.);
#1428=EDGE_CURVE('',#1140,#1147,#552,.T.);
#1429=EDGE_CURVE('',#1147,#1148,#553,.T.);
#1430=EDGE_CURVE('',#1148,#1149,#554,.T.);
#1431=EDGE_CURVE('',#1149,#1150,#555,.T.);
#1432=EDGE_CURVE('',#1150,#1151,#556,.T.);
#1433=EDGE_CURVE('',#1151,#1152,#557,.T.);
#1434=EDGE_CURVE('',#1152,#1153,#558,.T.);
#1435=EDGE_CURVE('',#1153,#1154,#559,.T.);
#1436=EDGE_CURVE('',#1154,#1134,#560,.T.);
#1437=EDGE_CURVE('',#1155,#1156,#953,.T.);
#1438=EDGE_CURVE('',#1156,#1133,#561,.T.);
#1439=EDGE_CURVE('',#1134,#1157,#562,.T.);
#1440=EDGE_CURVE('',#1157,#1158,#31,.T.);
#1441=EDGE_CURVE('',#1158,#1155,#563,.T.);
#1442=EDGE_CURVE('',#1145,#1144,#564,.T.);
#1443=EDGE_CURVE('',#1159,#1159,#954,.T.);
#1444=EDGE_CURVE('',#1143,#1138,#565,.T.);
#1445=EDGE_CURVE('',#1154,#1157,#955,.T.);
#1446=EDGE_CURVE('',#1152,#1160,#956,.T.);
#1447=EDGE_CURVE('',#1160,#1161,#566,.T.);
#1448=EDGE_CURVE('',#1162,#1161,#567,.T.);
#1449=EDGE_CURVE('',#1162,#1163,#568,.T.);
#1450=EDGE_CURVE('',#1163,#1153,#957,.T.);
#1451=EDGE_CURVE('',#1150,#1164,#958,.T.);
#1452=EDGE_CURVE('',#1164,#1165,#569,.T.);
#1453=EDGE_CURVE('',#1166,#1165,#570,.T.);
#1454=EDGE_CURVE('',#1166,#1167,#571,.T.);
#1455=EDGE_CURVE('',#1167,#1151,#959,.T.);
#1456=EDGE_CURVE('',#1148,#1168,#960,.T.);
#1457=EDGE_CURVE('',#1168,#1169,#572,.T.);
#1458=EDGE_CURVE('',#1170,#1169,#573,.T.);
#1459=EDGE_CURVE('',#1170,#1171,#574,.T.);
#1460=EDGE_CURVE('',#1171,#1149,#961,.T.);
#1461=EDGE_CURVE('',#1137,#1156,#575,.T.);
#1462=EDGE_CURVE('',#1172,#1172,#962,.T.);
#1463=EDGE_CURVE('',#1037,#1173,#576,.T.);
#1464=EDGE_CURVE('',#1173,#1074,#577,.T.);
#1465=EDGE_CURVE('',#1073,#1078,#578,.T.);
#1466=EDGE_CURVE('',#1077,#1070,#579,.T.);
#1467=EDGE_CURVE('',#1069,#1085,#580,.T.);
#1468=EDGE_CURVE('',#1084,#1066,#581,.T.);
#1469=EDGE_CURVE('',#1065,#1094,#582,.T.);
#1470=EDGE_CURVE('',#1089,#1174,#583,.T.);
#1471=EDGE_CURVE('',#1174,#1146,#584,.T.);
#1472=EDGE_CURVE('',#1155,#1175,#585,.T.);
#1473=EDGE_CURVE('',#1175,#1100,#963,.T.);
#1474=EDGE_CURVE('',#982,#1176,#586,.T.);
#1475=EDGE_CURVE('',#1177,#1176,#32,.T.);
#1476=EDGE_CURVE('',#1176,#1177,#33,.T.);
#1477=EDGE_CURVE('',#1040,#1178,#587,.T.);
#1478=EDGE_CURVE('',#1179,#1178,#34,.T.);
#1479=EDGE_CURVE('',#1178,#1179,#35,.T.);
#1480=EDGE_CURVE('',#1173,#1039,#588,.T.);
#1481=EDGE_CURVE('',#1015,#1180,#589,.T.);
#1482=EDGE_CURVE('',#1181,#1014,#590,.T.);
#1483=EDGE_CURVE('',#1180,#1181,#591,.T.);
#1484=EDGE_CURVE('',#998,#1182,#592,.T.);
#1485=EDGE_CURVE('',#1183,#997,#593,.T.);
#1486=EDGE_CURVE('',#1182,#1183,#594,.T.);
#1487=EDGE_CURVE('',#1184,#979,#595,.T.);
#1488=EDGE_CURVE('',#1185,#1184,#596,.T.);
#1489=EDGE_CURVE('',#980,#1185,#597,.T.);
#1490=EDGE_CURVE('',#1099,#1171,#598,.T.);
#1491=EDGE_CURVE('',#1184,#1170,#599,.T.);
#1492=EDGE_CURVE('',#986,#1052,#600,.T.);
#1493=EDGE_CURVE('',#1186,#999,#601,.T.);
#1494=EDGE_CURVE('',#988,#1186,#36,.T.);
#1495=EDGE_CURVE('',#1165,#1182,#602,.T.);
#1496=EDGE_CURVE('',#1164,#1186,#603,.T.);
#1497=EDGE_CURVE('',#1097,#1167,#604,.T.);
#1498=EDGE_CURVE('',#1183,#1166,#605,.T.);
#1499=EDGE_CURVE('',#1003,#1046,#606,.T.);
#1500=EDGE_CURVE('',#1187,#1016,#607,.T.);
#1501=EDGE_CURVE('',#1005,#1187,#37,.T.);
#1502=EDGE_CURVE('',#1161,#1180,#608,.T.);
#1503=EDGE_CURVE('',#1160,#1187,#609,.T.);
#1504=EDGE_CURVE('',#1181,#1162,#610,.T.);
#1505=EDGE_CURVE('',#1104,#1163,#611,.T.);
#1506=EDGE_CURVE('',#1169,#1185,#612,.T.);
#1507=EDGE_CURVE('',#1030,#1172,#613,.T.);
#1508=EDGE_CURVE('',#1042,#1080,#614,.T.);
#1509=EDGE_CURVE('',#1048,#1086,#615,.T.);
#1510=EDGE_CURVE('',#1024,#1095,#616,.T.);
#1511=EDGE_CURVE('',#1159,#1062,#617,.T.);
#1512=EDGE_CURVE('',#1174,#1188,#618,.T.);
#1513=EDGE_CURVE('',#1088,#1188,#619,.T.);
#1514=EDGE_CURVE('',#1188,#1147,#964,.T.);
#1515=EDGE_CURVE('',#1147,#1087,#620,.T.);
#1516=EDGE_CURVE('',#1057,#1053,#621,.T.);
#1517=EDGE_CURVE('',#968,#1028,#622,.T.);
#1518=EDGE_CURVE('',#971,#1148,#623,.T.);
#1519=EDGE_CURVE('',#970,#1189,#38,.T.);
#1520=EDGE_CURVE('',#1168,#1189,#624,.T.);
#1521=EDGE_CURVE('',#1189,#981,#625,.T.);
#1522=EDGE_CURVE('',#1149,#1098,#626,.T.);
#1523=EDGE_CURVE('',#1091,#1063,#627,.T.);
#1524=EDGE_CURVE('',#989,#1150,#628,.T.);
#1525=EDGE_CURVE('',#1064,#1090,#629,.T.);
#1526=EDGE_CURVE('',#1151,#1096,#630,.T.);
#1527=EDGE_CURVE('',#1082,#1067,#631,.T.);
#1528=EDGE_CURVE('',#1006,#1152,#632,.T.);
#1529=EDGE_CURVE('',#1068,#1081,#633,.T.);
#1530=EDGE_CURVE('',#1153,#1103,#634,.T.);
#1531=EDGE_CURVE('',#1075,#1071,#635,.T.);
#1532=EDGE_CURVE('',#1102,#1154,#636,.T.);
#1533=EDGE_CURVE('',#1101,#1190,#39,.T.);
#1534=EDGE_CURVE('',#1158,#1190,#637,.T.);
#1535=EDGE_CURVE('',#1190,#1175,#638,.T.);
#1536=EDGE_CURVE('',#1072,#1079,#639,.T.);
#1537=ORIENTED_EDGE('',*,*,#1191,.T.);
#1538=ORIENTED_EDGE('',*,*,#1192,.T.);
#1539=ORIENTED_EDGE('',*,*,#1193,.T.);
#1540=ORIENTED_EDGE('',*,*,#1194,.T.);
#1541=ORIENTED_EDGE('',*,*,#1192,.F.);
#1542=ORIENTED_EDGE('',*,*,#1195,.T.);
#1543=ORIENTED_EDGE('',*,*,#1196,.F.);
#1544=ORIENTED_EDGE('',*,*,#1197,.T.);
#1545=ORIENTED_EDGE('',*,*,#1198,.T.);
#1546=ORIENTED_EDGE('',*,*,#1191,.F.);
#1547=ORIENTED_EDGE('',*,*,#1199,.F.);
#1548=ORIENTED_EDGE('',*,*,#1200,.F.);
#1549=ORIENTED_EDGE('',*,*,#1201,.F.);
#1550=ORIENTED_EDGE('',*,*,#1202,.T.);
#1551=ORIENTED_EDGE('',*,*,#1203,.F.);
#1552=ORIENTED_EDGE('',*,*,#1204,.T.);
#1553=ORIENTED_EDGE('',*,*,#1205,.F.);
#1554=ORIENTED_EDGE('',*,*,#1206,.F.);
#1555=ORIENTED_EDGE('',*,*,#1207,.F.);
#1556=ORIENTED_EDGE('',*,*,#1208,.F.);
#1557=ORIENTED_EDGE('',*,*,#1209,.F.);
#1558=ORIENTED_EDGE('',*,*,#1195,.F.);
#1559=ORIENTED_EDGE('',*,*,#1210,.T.);
#1560=ORIENTED_EDGE('',*,*,#1211,.T.);
#1561=ORIENTED_EDGE('',*,*,#1212,.T.);
#1562=ORIENTED_EDGE('',*,*,#1213,.T.);
#1563=ORIENTED_EDGE('',*,*,#1214,.T.);
#1564=ORIENTED_EDGE('',*,*,#1212,.F.);
#1565=ORIENTED_EDGE('',*,*,#1215,.T.);
#1566=ORIENTED_EDGE('',*,*,#1216,.F.);
#1567=ORIENTED_EDGE('',*,*,#1217,.T.);
#1568=ORIENTED_EDGE('',*,*,#1218,.T.);
#1569=ORIENTED_EDGE('',*,*,#1211,.F.);
#1570=ORIENTED_EDGE('',*,*,#1219,.F.);
#1571=ORIENTED_EDGE('',*,*,#1220,.F.);
#1572=ORIENTED_EDGE('',*,*,#1221,.F.);
#1573=ORIENTED_EDGE('',*,*,#1222,.F.);
#1574=ORIENTED_EDGE('',*,*,#1223,.F.);
#1575=ORIENTED_EDGE('',*,*,#1224,.T.);
#1576=ORIENTED_EDGE('',*,*,#1225,.F.);
#1577=ORIENTED_EDGE('',*,*,#1226,.F.);
#1578=ORIENTED_EDGE('',*,*,#1227,.F.);
#1579=ORIENTED_EDGE('',*,*,#1228,.F.);
#1580=ORIENTED_EDGE('',*,*,#1229,.F.);
#1581=ORIENTED_EDGE('',*,*,#1215,.F.);
#1582=ORIENTED_EDGE('',*,*,#1230,.T.);
#1583=ORIENTED_EDGE('',*,*,#1231,.T.);
#1584=ORIENTED_EDGE('',*,*,#1232,.T.);
#1585=ORIENTED_EDGE('',*,*,#1233,.T.);
#1586=ORIENTED_EDGE('',*,*,#1231,.F.);
#1587=ORIENTED_EDGE('',*,*,#1234,.T.);
#1588=ORIENTED_EDGE('',*,*,#1235,.F.);
#1589=ORIENTED_EDGE('',*,*,#1236,.T.);
#1590=ORIENTED_EDGE('',*,*,#1237,.T.);
#1591=ORIENTED_EDGE('',*,*,#1230,.F.);
#1592=ORIENTED_EDGE('',*,*,#1238,.F.);
#1593=ORIENTED_EDGE('',*,*,#1239,.F.);
#1594=ORIENTED_EDGE('',*,*,#1240,.F.);
#1595=ORIENTED_EDGE('',*,*,#1241,.F.);
#1596=ORIENTED_EDGE('',*,*,#1242,.F.);
#1597=ORIENTED_EDGE('',*,*,#1243,.T.);
#1598=ORIENTED_EDGE('',*,*,#1244,.F.);
#1599=ORIENTED_EDGE('',*,*,#1245,.F.);
#1600=ORIENTED_EDGE('',*,*,#1246,.F.);
#1601=ORIENTED_EDGE('',*,*,#1247,.F.);
#1602=ORIENTED_EDGE('',*,*,#1248,.F.);
#1603=ORIENTED_EDGE('',*,*,#1234,.F.);
#1604=ORIENTED_EDGE('',*,*,#1249,.T.);
#1605=ORIENTED_EDGE('',*,*,#1250,.T.);
#1606=ORIENTED_EDGE('',*,*,#1251,.T.);
#1607=ORIENTED_EDGE('',*,*,#1252,.T.);
#1608=ORIENTED_EDGE('',*,*,#1252,.F.);
#1609=ORIENTED_EDGE('',*,*,#1253,.T.);
#1610=ORIENTED_EDGE('',*,*,#1254,.F.);
#1611=ORIENTED_EDGE('',*,*,#1255,.F.);
#1612=ORIENTED_EDGE('',*,*,#1256,.T.);
#1613=ORIENTED_EDGE('',*,*,#1257,.T.);
#1614=ORIENTED_EDGE('',*,*,#1258,.T.);
#1615=ORIENTED_EDGE('',*,*,#1201,.T.);
#1616=ORIENTED_EDGE('',*,*,#1259,.T.);
#1617=ORIENTED_EDGE('',*,*,#1260,.T.);
#1618=ORIENTED_EDGE('',*,*,#1261,.T.);
#1619=ORIENTED_EDGE('',*,*,#1259,.F.);
#1620=ORIENTED_EDGE('',*,*,#1200,.T.);
#1621=ORIENTED_EDGE('',*,*,#1262,.T.);
#1622=ORIENTED_EDGE('',*,*,#1263,.T.);
#1623=ORIENTED_EDGE('',*,*,#1264,.T.);
#1624=ORIENTED_EDGE('',*,*,#1265,.T.);
#1625=ORIENTED_EDGE('',*,*,#1266,.T.);
#1626=ORIENTED_EDGE('',*,*,#1267,.T.);
#1627=ORIENTED_EDGE('',*,*,#1268,.T.);
#1628=ORIENTED_EDGE('',*,*,#1269,.T.);
#1629=ORIENTED_EDGE('',*,*,#1270,.T.);
#1630=ORIENTED_EDGE('',*,*,#1268,.F.);
#1631=ORIENTED_EDGE('',*,*,#1271,.T.);
#1632=ORIENTED_EDGE('',*,*,#1272,.T.);
#1633=ORIENTED_EDGE('',*,*,#1273,.F.);
#1634=ORIENTED_EDGE('',*,*,#1254,.T.);
#1635=ORIENTED_EDGE('',*,*,#1274,.T.);
#1636=ORIENTED_EDGE('',*,*,#1267,.F.);
#1637=ORIENTED_EDGE('',*,*,#1275,.F.);
#1638=ORIENTED_EDGE('',*,*,#1276,.F.);
#1639=ORIENTED_EDGE('',*,*,#1277,.F.);
#1640=ORIENTED_EDGE('',*,*,#1271,.F.);
#1641=ORIENTED_EDGE('',*,*,#1278,.T.);
#1642=ORIENTED_EDGE('',*,*,#1279,.T.);
#1643=ORIENTED_EDGE('',*,*,#1280,.T.);
#1644=ORIENTED_EDGE('',*,*,#1281,.T.);
#1645=ORIENTED_EDGE('',*,*,#1240,.T.);
#1646=ORIENTED_EDGE('',*,*,#1282,.T.);
#1647=ORIENTED_EDGE('',*,*,#1283,.T.);
#1648=ORIENTED_EDGE('',*,*,#1284,.T.);
#1649=ORIENTED_EDGE('',*,*,#1282,.F.);
#1650=ORIENTED_EDGE('',*,*,#1239,.T.);
#1651=ORIENTED_EDGE('',*,*,#1285,.T.);
#1652=ORIENTED_EDGE('',*,*,#1286,.T.);
#1653=ORIENTED_EDGE('',*,*,#1287,.T.);
#1654=ORIENTED_EDGE('',*,*,#1288,.T.);
#1655=ORIENTED_EDGE('',*,*,#1289,.T.);
#1656=ORIENTED_EDGE('',*,*,#1221,.T.);
#1657=ORIENTED_EDGE('',*,*,#1290,.T.);
#1658=ORIENTED_EDGE('',*,*,#1291,.T.);
#1659=ORIENTED_EDGE('',*,*,#1292,.T.);
#1660=ORIENTED_EDGE('',*,*,#1290,.F.);
#1661=ORIENTED_EDGE('',*,*,#1220,.T.);
#1662=ORIENTED_EDGE('',*,*,#1293,.T.);
#1663=ORIENTED_EDGE('',*,*,#1294,.T.);
#1664=ORIENTED_EDGE('',*,*,#1261,.F.);
#1665=ORIENTED_EDGE('',*,*,#1295,.T.);
#1666=ORIENTED_EDGE('',*,*,#1296,.T.);
#1667=ORIENTED_EDGE('',*,*,#1297,.F.);
#1668=ORIENTED_EDGE('',*,*,#1298,.F.);
#1669=ORIENTED_EDGE('',*,*,#1299,.F.);
#1670=ORIENTED_EDGE('',*,*,#1202,.F.);
#1671=ORIENTED_EDGE('',*,*,#1258,.F.);
#1672=ORIENTED_EDGE('',*,*,#1300,.T.);
#1673=ORIENTED_EDGE('',*,*,#1301,.T.);
#1674=ORIENTED_EDGE('',*,*,#1302,.F.);
#1675=ORIENTED_EDGE('',*,*,#1303,.F.);
#1676=ORIENTED_EDGE('',*,*,#1304,.F.);
#1677=ORIENTED_EDGE('',*,*,#1305,.T.);
#1678=ORIENTED_EDGE('',*,*,#1306,.T.);
#1679=ORIENTED_EDGE('',*,*,#1292,.F.);
#1680=ORIENTED_EDGE('',*,*,#1307,.T.);
#1681=ORIENTED_EDGE('',*,*,#1308,.T.);
#1682=ORIENTED_EDGE('',*,*,#1309,.F.);
#1683=ORIENTED_EDGE('',*,*,#1310,.F.);
#1684=ORIENTED_EDGE('',*,*,#1311,.T.);
#1685=ORIENTED_EDGE('',*,*,#1222,.T.);
#1686=ORIENTED_EDGE('',*,*,#1289,.F.);
#1687=ORIENTED_EDGE('',*,*,#1312,.T.);
#1688=ORIENTED_EDGE('',*,*,#1284,.F.);
#1689=ORIENTED_EDGE('',*,*,#1313,.T.);
#1690=ORIENTED_EDGE('',*,*,#1314,.T.);
#1691=ORIENTED_EDGE('',*,*,#1315,.F.);
#1692=ORIENTED_EDGE('',*,*,#1316,.F.);
#1693=ORIENTED_EDGE('',*,*,#1317,.T.);
#1694=ORIENTED_EDGE('',*,*,#1241,.T.);
#1695=ORIENTED_EDGE('',*,*,#1281,.F.);
#1696=ORIENTED_EDGE('',*,*,#1318,.T.);
#1697=ORIENTED_EDGE('',*,*,#1270,.F.);
#1698=ORIENTED_EDGE('',*,*,#1319,.T.);
#1699=ORIENTED_EDGE('',*,*,#1320,.T.);
#1700=ORIENTED_EDGE('',*,*,#1321,.F.);
#1701=ORIENTED_EDGE('',*,*,#1322,.F.);
#1702=ORIENTED_EDGE('',*,*,#1323,.T.);
#1703=ORIENTED_EDGE('',*,*,#1275,.T.);
#1704=ORIENTED_EDGE('',*,*,#1266,.F.);
#1705=ORIENTED_EDGE('',*,*,#1324,.T.);
#1706=ORIENTED_EDGE('',*,*,#1325,.T.);
#1707=ORIENTED_EDGE('',*,*,#1326,.F.);
#1708=ORIENTED_EDGE('',*,*,#1243,.F.);
#1709=ORIENTED_EDGE('',*,*,#1327,.T.);
#1710=ORIENTED_EDGE('',*,*,#1328,.F.);
#1711=ORIENTED_EDGE('',*,*,#1329,.T.);
#1712=ORIENTED_EDGE('',*,*,#1330,.T.);
#1713=ORIENTED_EDGE('',*,*,#1331,.T.);
#1714=ORIENTED_EDGE('',*,*,#1332,.T.);
#1715=ORIENTED_EDGE('',*,*,#1333,.T.);
#1716=ORIENTED_EDGE('',*,*,#1334,.F.);
#1717=ORIENTED_EDGE('',*,*,#1224,.F.);
#1718=ORIENTED_EDGE('',*,*,#1335,.T.);
#1719=ORIENTED_EDGE('',*,*,#1336,.F.);
#1720=ORIENTED_EDGE('',*,*,#1337,.T.);
#1721=ORIENTED_EDGE('',*,*,#1338,.T.);
#1722=ORIENTED_EDGE('',*,*,#1302,.T.);
#1723=ORIENTED_EDGE('',*,*,#1339,.T.);
#1724=ORIENTED_EDGE('',*,*,#1340,.T.);
#1725=ORIENTED_EDGE('',*,*,#1341,.F.);
#1726=ORIENTED_EDGE('',*,*,#1342,.F.);
#1727=ORIENTED_EDGE('',*,*,#1343,.T.);
#1728=ORIENTED_EDGE('',*,*,#1344,.T.);
#1729=ORIENTED_EDGE('',*,*,#1345,.F.);
#1730=ORIENTED_EDGE('',*,*,#1204,.F.);
#1731=ORIENTED_EDGE('',*,*,#1346,.T.);
#1732=ORIENTED_EDGE('',*,*,#1347,.F.);
#1733=ORIENTED_EDGE('',*,*,#1348,.T.);
#1734=ORIENTED_EDGE('',*,*,#1349,.T.);
#1735=ORIENTED_EDGE('',*,*,#1334,.T.);
#1736=ORIENTED_EDGE('',*,*,#1350,.T.);
#1737=ORIENTED_EDGE('',*,*,#1351,.T.);
#1738=ORIENTED_EDGE('',*,*,#1352,.F.);
#1739=ORIENTED_EDGE('',*,*,#1225,.T.);
#1740=ORIENTED_EDGE('',*,*,#1345,.T.);
#1741=ORIENTED_EDGE('',*,*,#1353,.T.);
#1742=ORIENTED_EDGE('',*,*,#1354,.T.);
#1743=ORIENTED_EDGE('',*,*,#1355,.F.);
#1744=ORIENTED_EDGE('',*,*,#1205,.T.);
#1745=ORIENTED_EDGE('',*,*,#1250,.F.);
#1746=ORIENTED_EDGE('',*,*,#1356,.F.);
#1747=ORIENTED_EDGE('',*,*,#1357,.F.);
#1748=ORIENTED_EDGE('',*,*,#1358,.T.);
#1749=ORIENTED_EDGE('',*,*,#1359,.T.);
#1750=ORIENTED_EDGE('',*,*,#1326,.T.);
#1751=ORIENTED_EDGE('',*,*,#1360,.T.);
#1752=ORIENTED_EDGE('',*,*,#1361,.T.);
#1753=ORIENTED_EDGE('',*,*,#1362,.F.);
#1754=ORIENTED_EDGE('',*,*,#1244,.T.);
#1755=ORIENTED_EDGE('',*,*,#1297,.T.);
#1756=ORIENTED_EDGE('',*,*,#1363,.T.);
#1757=ORIENTED_EDGE('',*,*,#1304,.T.);
#1758=ORIENTED_EDGE('',*,*,#1364,.F.);
#1759=ORIENTED_EDGE('',*,*,#1299,.T.);
#1760=ORIENTED_EDGE('',*,*,#1365,.F.);
#1761=ORIENTED_EDGE('',*,*,#1346,.F.);
#1762=ORIENTED_EDGE('',*,*,#1203,.T.);
#1763=ORIENTED_EDGE('',*,*,#1366,.F.);
#1764=ORIENTED_EDGE('',*,*,#1367,.T.);
#1765=ORIENTED_EDGE('',*,*,#1368,.T.);
#1766=ORIENTED_EDGE('',*,*,#1367,.F.);
#1767=ORIENTED_EDGE('',*,*,#1368,.F.);
#1768=ORIENTED_EDGE('',*,*,#1369,.F.);
#1769=ORIENTED_EDGE('',*,*,#1370,.T.);
#1770=ORIENTED_EDGE('',*,*,#1371,.T.);
#1771=ORIENTED_EDGE('',*,*,#1370,.F.);
#1772=ORIENTED_EDGE('',*,*,#1371,.F.);
#1773=ORIENTED_EDGE('',*,*,#1372,.F.);
#1774=ORIENTED_EDGE('',*,*,#1373,.T.);
#1775=ORIENTED_EDGE('',*,*,#1374,.T.);
#1776=ORIENTED_EDGE('',*,*,#1373,.F.);
#1777=ORIENTED_EDGE('',*,*,#1374,.F.);
#1778=ORIENTED_EDGE('',*,*,#1375,.F.);
#1779=ORIENTED_EDGE('',*,*,#1376,.T.);
#1780=ORIENTED_EDGE('',*,*,#1377,.T.);
#1781=ORIENTED_EDGE('',*,*,#1376,.F.);
#1782=ORIENTED_EDGE('',*,*,#1377,.F.);
#1783=ORIENTED_EDGE('',*,*,#1378,.F.);
#1784=ORIENTED_EDGE('',*,*,#1379,.T.);
#1785=ORIENTED_EDGE('',*,*,#1380,.T.);
#1786=ORIENTED_EDGE('',*,*,#1379,.F.);
#1787=ORIENTED_EDGE('',*,*,#1380,.F.);
#1788=ORIENTED_EDGE('',*,*,#1381,.F.);
#1789=ORIENTED_EDGE('',*,*,#1382,.T.);
#1790=ORIENTED_EDGE('',*,*,#1383,.T.);
#1791=ORIENTED_EDGE('',*,*,#1382,.F.);
#1792=ORIENTED_EDGE('',*,*,#1383,.F.);
#1793=ORIENTED_EDGE('',*,*,#1384,.T.);
#1794=ORIENTED_EDGE('',*,*,#1385,.T.);
#1795=ORIENTED_EDGE('',*,*,#1386,.T.);
#1796=ORIENTED_EDGE('',*,*,#1385,.F.);
#1797=ORIENTED_EDGE('',*,*,#1387,.F.);
#1798=ORIENTED_EDGE('',*,*,#1388,.F.);
#1799=ORIENTED_EDGE('',*,*,#1389,.F.);
#1800=ORIENTED_EDGE('',*,*,#1390,.F.);
#1801=ORIENTED_EDGE('',*,*,#1391,.F.);
#1802=ORIENTED_EDGE('',*,*,#1392,.F.);
#1803=ORIENTED_EDGE('',*,*,#1393,.F.);
#1804=ORIENTED_EDGE('',*,*,#1394,.F.);
#1805=ORIENTED_EDGE('',*,*,#1395,.F.);
#1806=ORIENTED_EDGE('',*,*,#1396,.F.);
#1807=ORIENTED_EDGE('',*,*,#1397,.F.);
#1808=ORIENTED_EDGE('',*,*,#1384,.F.);
#1809=ORIENTED_EDGE('',*,*,#1395,.T.);
#1810=ORIENTED_EDGE('',*,*,#1398,.T.);
#1811=ORIENTED_EDGE('',*,*,#1399,.T.);
#1812=ORIENTED_EDGE('',*,*,#1398,.F.);
#1813=ORIENTED_EDGE('',*,*,#1397,.T.);
#1814=ORIENTED_EDGE('',*,*,#1400,.T.);
#1815=ORIENTED_EDGE('',*,*,#1401,.T.);
#1816=ORIENTED_EDGE('',*,*,#1400,.F.);
#1817=ORIENTED_EDGE('',*,*,#1396,.T.);
#1818=ORIENTED_EDGE('',*,*,#1402,.T.);
#1819=ORIENTED_EDGE('',*,*,#1403,.T.);
#1820=ORIENTED_EDGE('',*,*,#1402,.F.);
#1821=ORIENTED_EDGE('',*,*,#1404,.F.);
#1822=ORIENTED_EDGE('',*,*,#1405,.F.);
#1823=ORIENTED_EDGE('',*,*,#1391,.T.);
#1824=ORIENTED_EDGE('',*,*,#1406,.F.);
#1825=ORIENTED_EDGE('',*,*,#1393,.T.);
#1826=ORIENTED_EDGE('',*,*,#1407,.F.);
#1827=ORIENTED_EDGE('',*,*,#1408,.F.);
#1828=ORIENTED_EDGE('',*,*,#1409,.F.);
#1829=ORIENTED_EDGE('',*,*,#1405,.T.);
#1830=ORIENTED_EDGE('',*,*,#1410,.T.);
#1831=ORIENTED_EDGE('',*,*,#1407,.T.);
#1832=ORIENTED_EDGE('',*,*,#1392,.T.);
#1833=ORIENTED_EDGE('',*,*,#1411,.T.);
#1834=ORIENTED_EDGE('',*,*,#1412,.T.);
#1835=ORIENTED_EDGE('',*,*,#1408,.T.);
#1836=ORIENTED_EDGE('',*,*,#1413,.T.);
#1837=ORIENTED_EDGE('',*,*,#1389,.T.);
#1838=ORIENTED_EDGE('',*,*,#1414,.F.);
#1839=ORIENTED_EDGE('',*,*,#1415,.F.);
#1840=ORIENTED_EDGE('',*,*,#1416,.F.);
#1841=ORIENTED_EDGE('',*,*,#1387,.T.);
#1842=ORIENTED_EDGE('',*,*,#1417,.F.);
#1843=ORIENTED_EDGE('',*,*,#1418,.F.);
#1844=ORIENTED_EDGE('',*,*,#1419,.F.);
#1845=ORIENTED_EDGE('',*,*,#1409,.T.);
#1846=ORIENTED_EDGE('',*,*,#1420,.T.);
#1847=ORIENTED_EDGE('',*,*,#1417,.T.);
#1848=ORIENTED_EDGE('',*,*,#1394,.T.);
#1849=ORIENTED_EDGE('',*,*,#1421,.T.);
#1850=ORIENTED_EDGE('',*,*,#1422,.T.);
#1851=ORIENTED_EDGE('',*,*,#1418,.T.);
#1852=ORIENTED_EDGE('',*,*,#1423,.T.);
#1853=ORIENTED_EDGE('',*,*,#1419,.T.);
#1854=ORIENTED_EDGE('',*,*,#1424,.T.);
#1855=ORIENTED_EDGE('',*,*,#1414,.T.);
#1856=ORIENTED_EDGE('',*,*,#1388,.T.);
#1857=ORIENTED_EDGE('',*,*,#1425,.T.);
#1858=ORIENTED_EDGE('',*,*,#1426,.T.);
#1859=ORIENTED_EDGE('',*,*,#1415,.T.);
#1860=ORIENTED_EDGE('',*,*,#1427,.T.);
#1861=ORIENTED_EDGE('',*,*,#1416,.T.);
#1862=ORIENTED_EDGE('',*,*,#1428,.T.);
#1863=ORIENTED_EDGE('',*,*,#1429,.T.);
#1864=ORIENTED_EDGE('',*,*,#1430,.T.);
#1865=ORIENTED_EDGE('',*,*,#1431,.T.);
#1866=ORIENTED_EDGE('',*,*,#1432,.T.);
#1867=ORIENTED_EDGE('',*,*,#1433,.T.);
#1868=ORIENTED_EDGE('',*,*,#1434,.T.);
#1869=ORIENTED_EDGE('',*,*,#1435,.T.);
#1870=ORIENTED_EDGE('',*,*,#1436,.T.);
#1871=ORIENTED_EDGE('',*,*,#1406,.T.);
#1872=ORIENTED_EDGE('',*,*,#1390,.T.);
#1873=ORIENTED_EDGE('',*,*,#1437,.T.);
#1874=ORIENTED_EDGE('',*,*,#1438,.T.);
#1875=ORIENTED_EDGE('',*,*,#1404,.T.);
#1876=ORIENTED_EDGE('',*,*,#1439,.T.);
#1877=ORIENTED_EDGE('',*,*,#1440,.T.);
#1878=ORIENTED_EDGE('',*,*,#1441,.T.);
#1879=ORIENTED_EDGE('',*,*,#1427,.F.);
#1880=ORIENTED_EDGE('',*,*,#1424,.F.);
#1881=ORIENTED_EDGE('',*,*,#1422,.F.);
#1882=ORIENTED_EDGE('',*,*,#1442,.F.);
#1883=ORIENTED_EDGE('',*,*,#1443,.T.);
#1884=ORIENTED_EDGE('',*,*,#1423,.F.);
#1885=ORIENTED_EDGE('',*,*,#1420,.F.);
#1886=ORIENTED_EDGE('',*,*,#1412,.F.);
#1887=ORIENTED_EDGE('',*,*,#1444,.F.);
#1888=ORIENTED_EDGE('',*,*,#1436,.F.);
#1889=ORIENTED_EDGE('',*,*,#1445,.T.);
#1890=ORIENTED_EDGE('',*,*,#1439,.F.);
#1891=ORIENTED_EDGE('',*,*,#1434,.F.);
#1892=ORIENTED_EDGE('',*,*,#1446,.T.);
#1893=ORIENTED_EDGE('',*,*,#1447,.T.);
#1894=ORIENTED_EDGE('',*,*,#1448,.F.);
#1895=ORIENTED_EDGE('',*,*,#1449,.T.);
#1896=ORIENTED_EDGE('',*,*,#1450,.T.);
#1897=ORIENTED_EDGE('',*,*,#1432,.F.);
#1898=ORIENTED_EDGE('',*,*,#1451,.T.);
#1899=ORIENTED_EDGE('',*,*,#1452,.T.);
#1900=ORIENTED_EDGE('',*,*,#1453,.F.);
#1901=ORIENTED_EDGE('',*,*,#1454,.T.);
#1902=ORIENTED_EDGE('',*,*,#1455,.T.);
#1903=ORIENTED_EDGE('',*,*,#1430,.F.);
#1904=ORIENTED_EDGE('',*,*,#1456,.T.);
#1905=ORIENTED_EDGE('',*,*,#1457,.T.);
#1906=ORIENTED_EDGE('',*,*,#1458,.F.);
#1907=ORIENTED_EDGE('',*,*,#1459,.T.);
#1908=ORIENTED_EDGE('',*,*,#1460,.T.);
#1909=ORIENTED_EDGE('',*,*,#1413,.F.);
#1910=ORIENTED_EDGE('',*,*,#1410,.F.);
#1911=ORIENTED_EDGE('',*,*,#1438,.F.);
#1912=ORIENTED_EDGE('',*,*,#1461,.F.);
#1913=ORIENTED_EDGE('',*,*,#1462,.T.);
#1914=ORIENTED_EDGE('',*,*,#1249,.F.);
#1915=ORIENTED_EDGE('',*,*,#1255,.T.);
#1916=ORIENTED_EDGE('',*,*,#1273,.T.);
#1917=ORIENTED_EDGE('',*,*,#1463,.T.);
#1918=ORIENTED_EDGE('',*,*,#1464,.T.);
#1919=ORIENTED_EDGE('',*,*,#1322,.T.);
#1920=ORIENTED_EDGE('',*,*,#1465,.T.);
#1921=ORIENTED_EDGE('',*,*,#1328,.T.);
#1922=ORIENTED_EDGE('',*,*,#1466,.T.);
#1923=ORIENTED_EDGE('',*,*,#1316,.T.);
#1924=ORIENTED_EDGE('',*,*,#1467,.T.);
#1925=ORIENTED_EDGE('',*,*,#1336,.T.);
#1926=ORIENTED_EDGE('',*,*,#1468,.T.);
#1927=ORIENTED_EDGE('',*,*,#1310,.T.);
#1928=ORIENTED_EDGE('',*,*,#1469,.T.);
#1929=ORIENTED_EDGE('',*,*,#1347,.T.);
#1930=ORIENTED_EDGE('',*,*,#1365,.T.);
#1931=ORIENTED_EDGE('',*,*,#1298,.T.);
#1932=ORIENTED_EDGE('',*,*,#1364,.T.);
#1933=ORIENTED_EDGE('',*,*,#1303,.T.);
#1934=ORIENTED_EDGE('',*,*,#1342,.T.);
#1935=ORIENTED_EDGE('',*,*,#1470,.T.);
#1936=ORIENTED_EDGE('',*,*,#1471,.T.);
#1937=ORIENTED_EDGE('',*,*,#1425,.F.);
#1938=ORIENTED_EDGE('',*,*,#1442,.T.);
#1939=ORIENTED_EDGE('',*,*,#1421,.F.);
#1940=ORIENTED_EDGE('',*,*,#1444,.T.);
#1941=ORIENTED_EDGE('',*,*,#1411,.F.);
#1942=ORIENTED_EDGE('',*,*,#1461,.T.);
#1943=ORIENTED_EDGE('',*,*,#1437,.F.);
#1944=ORIENTED_EDGE('',*,*,#1472,.T.);
#1945=ORIENTED_EDGE('',*,*,#1473,.T.);
#1946=ORIENTED_EDGE('',*,*,#1356,.T.);
#1947=ORIENTED_EDGE('',*,*,#1381,.T.);
#1948=ORIENTED_EDGE('',*,*,#1378,.T.);
#1949=ORIENTED_EDGE('',*,*,#1375,.T.);
#1950=ORIENTED_EDGE('',*,*,#1372,.T.);
#1951=ORIENTED_EDGE('',*,*,#1369,.T.);
#1952=ORIENTED_EDGE('',*,*,#1210,.F.);
#1953=ORIENTED_EDGE('',*,*,#1474,.T.);
#1954=ORIENTED_EDGE('',*,*,#1475,.F.);
#1955=ORIENTED_EDGE('',*,*,#1476,.F.);
#1956=ORIENTED_EDGE('',*,*,#1474,.F.);
#1957=ORIENTED_EDGE('',*,*,#1278,.F.);
#1958=ORIENTED_EDGE('',*,*,#1477,.T.);
#1959=ORIENTED_EDGE('',*,*,#1478,.F.);
#1960=ORIENTED_EDGE('',*,*,#1479,.F.);
#1961=ORIENTED_EDGE('',*,*,#1477,.F.);
#1962=ORIENTED_EDGE('',*,*,#1323,.F.);
#1963=ORIENTED_EDGE('',*,*,#1464,.F.);
#1964=ORIENTED_EDGE('',*,*,#1480,.T.);
#1965=ORIENTED_EDGE('',*,*,#1276,.T.);
#1966=ORIENTED_EDGE('',*,*,#1317,.F.);
#1967=ORIENTED_EDGE('',*,*,#1466,.F.);
#1968=ORIENTED_EDGE('',*,*,#1327,.F.);
#1969=ORIENTED_EDGE('',*,*,#1242,.T.);
#1970=ORIENTED_EDGE('',*,*,#1311,.F.);
#1971=ORIENTED_EDGE('',*,*,#1468,.F.);
#1972=ORIENTED_EDGE('',*,*,#1335,.F.);
#1973=ORIENTED_EDGE('',*,*,#1223,.T.);
#1974=ORIENTED_EDGE('',*,*,#1481,.F.);
#1975=ORIENTED_EDGE('',*,*,#1246,.T.);
#1976=ORIENTED_EDGE('',*,*,#1482,.F.);
#1977=ORIENTED_EDGE('',*,*,#1483,.F.);
#1978=ORIENTED_EDGE('',*,*,#1484,.F.);
#1979=ORIENTED_EDGE('',*,*,#1227,.T.);
#1980=ORIENTED_EDGE('',*,*,#1485,.F.);
#1981=ORIENTED_EDGE('',*,*,#1486,.F.);
#1982=ORIENTED_EDGE('',*,*,#1487,.F.);
#1983=ORIENTED_EDGE('',*,*,#1488,.F.);
#1984=ORIENTED_EDGE('',*,*,#1489,.F.);
#1985=ORIENTED_EDGE('',*,*,#1207,.T.);
#1986=ORIENTED_EDGE('',*,*,#1272,.F.);
#1987=ORIENTED_EDGE('',*,*,#1277,.T.);
#1988=ORIENTED_EDGE('',*,*,#1480,.F.);
#1989=ORIENTED_EDGE('',*,*,#1463,.F.);
#1990=ORIENTED_EDGE('',*,*,#1487,.T.);
#1991=ORIENTED_EDGE('',*,*,#1206,.T.);
#1992=ORIENTED_EDGE('',*,*,#1355,.T.);
#1993=ORIENTED_EDGE('',*,*,#1490,.T.);
#1994=ORIENTED_EDGE('',*,*,#1459,.F.);
#1995=ORIENTED_EDGE('',*,*,#1491,.F.);
#1996=ORIENTED_EDGE('',*,*,#1214,.F.);
#1997=ORIENTED_EDGE('',*,*,#1492,.T.);
#1998=ORIENTED_EDGE('',*,*,#1293,.F.);
#1999=ORIENTED_EDGE('',*,*,#1219,.T.);
#2000=ORIENTED_EDGE('',*,*,#1229,.T.);
#2001=ORIENTED_EDGE('',*,*,#1493,.F.);
#2002=ORIENTED_EDGE('',*,*,#1494,.F.);
#2003=ORIENTED_EDGE('',*,*,#1216,.T.);
#2004=ORIENTED_EDGE('',*,*,#1228,.T.);
#2005=ORIENTED_EDGE('',*,*,#1484,.T.);
#2006=ORIENTED_EDGE('',*,*,#1495,.F.);
#2007=ORIENTED_EDGE('',*,*,#1452,.F.);
#2008=ORIENTED_EDGE('',*,*,#1496,.T.);
#2009=ORIENTED_EDGE('',*,*,#1493,.T.);
#2010=ORIENTED_EDGE('',*,*,#1485,.T.);
#2011=ORIENTED_EDGE('',*,*,#1226,.T.);
#2012=ORIENTED_EDGE('',*,*,#1352,.T.);
#2013=ORIENTED_EDGE('',*,*,#1497,.T.);
#2014=ORIENTED_EDGE('',*,*,#1454,.F.);
#2015=ORIENTED_EDGE('',*,*,#1498,.F.);
#2016=ORIENTED_EDGE('',*,*,#1233,.F.);
#2017=ORIENTED_EDGE('',*,*,#1499,.T.);
#2018=ORIENTED_EDGE('',*,*,#1285,.F.);
#2019=ORIENTED_EDGE('',*,*,#1238,.T.);
#2020=ORIENTED_EDGE('',*,*,#1248,.T.);
#2021=ORIENTED_EDGE('',*,*,#1500,.F.);
#2022=ORIENTED_EDGE('',*,*,#1501,.F.);
#2023=ORIENTED_EDGE('',*,*,#1235,.T.);
#2024=ORIENTED_EDGE('',*,*,#1247,.T.);
#2025=ORIENTED_EDGE('',*,*,#1481,.T.);
#2026=ORIENTED_EDGE('',*,*,#1502,.F.);
#2027=ORIENTED_EDGE('',*,*,#1447,.F.);
#2028=ORIENTED_EDGE('',*,*,#1503,.T.);
#2029=ORIENTED_EDGE('',*,*,#1500,.T.);
#2030=ORIENTED_EDGE('',*,*,#1486,.T.);
#2031=ORIENTED_EDGE('',*,*,#1498,.T.);
#2032=ORIENTED_EDGE('',*,*,#1453,.T.);
#2033=ORIENTED_EDGE('',*,*,#1495,.T.);
#2034=ORIENTED_EDGE('',*,*,#1483,.T.);
#2035=ORIENTED_EDGE('',*,*,#1504,.T.);
#2036=ORIENTED_EDGE('',*,*,#1448,.T.);
#2037=ORIENTED_EDGE('',*,*,#1502,.T.);
#2038=ORIENTED_EDGE('',*,*,#1366,.T.);
#2039=ORIENTED_EDGE('',*,*,#1482,.T.);
#2040=ORIENTED_EDGE('',*,*,#1245,.T.);
#2041=ORIENTED_EDGE('',*,*,#1362,.T.);
#2042=ORIENTED_EDGE('',*,*,#1505,.T.);
#2043=ORIENTED_EDGE('',*,*,#1449,.F.);
#2044=ORIENTED_EDGE('',*,*,#1504,.F.);
#2045=ORIENTED_EDGE('',*,*,#1488,.T.);
#2046=ORIENTED_EDGE('',*,*,#1491,.T.);
#2047=ORIENTED_EDGE('',*,*,#1458,.T.);
#2048=ORIENTED_EDGE('',*,*,#1506,.T.);
#2049=ORIENTED_EDGE('',*,*,#1264,.F.);
#2050=ORIENTED_EDGE('',*,*,#1324,.F.);
#2051=ORIENTED_EDGE('',*,*,#1265,.F.);
#2052=ORIENTED_EDGE('',*,*,#1507,.T.);
#2053=ORIENTED_EDGE('',*,*,#1462,.F.);
#2054=ORIENTED_EDGE('',*,*,#1507,.F.);
#2055=ORIENTED_EDGE('',*,*,#1478,.T.);
#2056=ORIENTED_EDGE('',*,*,#1479,.T.);
#2057=ORIENTED_EDGE('',*,*,#1279,.F.);
#2058=ORIENTED_EDGE('',*,*,#1318,.F.);
#2059=ORIENTED_EDGE('',*,*,#1280,.F.);
#2060=ORIENTED_EDGE('',*,*,#1508,.T.);
#2061=ORIENTED_EDGE('',*,*,#1331,.F.);
#2062=ORIENTED_EDGE('',*,*,#1508,.F.);
#2063=ORIENTED_EDGE('',*,*,#1287,.F.);
#2064=ORIENTED_EDGE('',*,*,#1312,.F.);
#2065=ORIENTED_EDGE('',*,*,#1288,.F.);
#2066=ORIENTED_EDGE('',*,*,#1509,.T.);
#2067=ORIENTED_EDGE('',*,*,#1338,.F.);
#2068=ORIENTED_EDGE('',*,*,#1509,.F.);
#2069=ORIENTED_EDGE('',*,*,#1256,.F.);
#2070=ORIENTED_EDGE('',*,*,#1300,.F.);
#2071=ORIENTED_EDGE('',*,*,#1257,.F.);
#2072=ORIENTED_EDGE('',*,*,#1510,.T.);
#2073=ORIENTED_EDGE('',*,*,#1349,.F.);
#2074=ORIENTED_EDGE('',*,*,#1510,.F.);
#2075=ORIENTED_EDGE('',*,*,#1475,.T.);
#2076=ORIENTED_EDGE('',*,*,#1476,.T.);
#2077=ORIENTED_EDGE('',*,*,#1443,.F.);
#2078=ORIENTED_EDGE('',*,*,#1511,.T.);
#2079=ORIENTED_EDGE('',*,*,#1306,.F.);
#2080=ORIENTED_EDGE('',*,*,#1511,.F.);
#2081=ORIENTED_EDGE('',*,*,#1512,.F.);
#2082=ORIENTED_EDGE('',*,*,#1470,.F.);
#2083=ORIENTED_EDGE('',*,*,#1341,.T.);
#2084=ORIENTED_EDGE('',*,*,#1513,.T.);
#2085=ORIENTED_EDGE('',*,*,#1514,.F.);
#2086=ORIENTED_EDGE('',*,*,#1513,.F.);
#2087=ORIENTED_EDGE('',*,*,#1340,.F.);
#2088=ORIENTED_EDGE('',*,*,#1515,.F.);
#2089=ORIENTED_EDGE('',*,*,#1429,.F.);
#2090=ORIENTED_EDGE('',*,*,#1515,.T.);
#2091=ORIENTED_EDGE('',*,*,#1339,.F.);
#2092=ORIENTED_EDGE('',*,*,#1301,.F.);
#2093=ORIENTED_EDGE('',*,*,#1516,.T.);
#2094=ORIENTED_EDGE('',*,*,#1295,.F.);
#2095=ORIENTED_EDGE('',*,*,#1260,.F.);
#2096=ORIENTED_EDGE('',*,*,#1263,.F.);
#2097=ORIENTED_EDGE('',*,*,#1517,.F.);
#2098=ORIENTED_EDGE('',*,*,#1193,.F.);
#2099=ORIENTED_EDGE('',*,*,#1198,.F.);
#2100=ORIENTED_EDGE('',*,*,#1518,.T.);
#2101=ORIENTED_EDGE('',*,*,#1403,.F.);
#2102=ORIENTED_EDGE('',*,*,#1456,.F.);
#2103=ORIENTED_EDGE('',*,*,#1518,.F.);
#2104=ORIENTED_EDGE('',*,*,#1197,.F.);
#2105=ORIENTED_EDGE('',*,*,#1519,.T.);
#2106=ORIENTED_EDGE('',*,*,#1520,.F.);
#2107=ORIENTED_EDGE('',*,*,#1489,.T.);
#2108=ORIENTED_EDGE('',*,*,#1506,.F.);
#2109=ORIENTED_EDGE('',*,*,#1457,.F.);
#2110=ORIENTED_EDGE('',*,*,#1520,.T.);
#2111=ORIENTED_EDGE('',*,*,#1521,.T.);
#2112=ORIENTED_EDGE('',*,*,#1208,.T.);
#2113=ORIENTED_EDGE('',*,*,#1209,.T.);
#2114=ORIENTED_EDGE('',*,*,#1521,.F.);
#2115=ORIENTED_EDGE('',*,*,#1519,.F.);
#2116=ORIENTED_EDGE('',*,*,#1196,.T.);
#2117=ORIENTED_EDGE('',*,*,#1305,.F.);
#2118=ORIENTED_EDGE('',*,*,#1363,.F.);
#2119=ORIENTED_EDGE('',*,*,#1296,.F.);
#2120=ORIENTED_EDGE('',*,*,#1516,.F.);
#2121=ORIENTED_EDGE('',*,*,#1194,.F.);
#2122=ORIENTED_EDGE('',*,*,#1517,.T.);
#2123=ORIENTED_EDGE('',*,*,#1262,.F.);
#2124=ORIENTED_EDGE('',*,*,#1199,.T.);
#2125=ORIENTED_EDGE('',*,*,#1426,.F.);
#2126=ORIENTED_EDGE('',*,*,#1471,.F.);
#2127=ORIENTED_EDGE('',*,*,#1512,.T.);
#2128=ORIENTED_EDGE('',*,*,#1514,.T.);
#2129=ORIENTED_EDGE('',*,*,#1428,.F.);
#2130=ORIENTED_EDGE('',*,*,#1460,.F.);
#2131=ORIENTED_EDGE('',*,*,#1490,.F.);
#2132=ORIENTED_EDGE('',*,*,#1354,.F.);
#2133=ORIENTED_EDGE('',*,*,#1522,.F.);
#2134=ORIENTED_EDGE('',*,*,#1431,.F.);
#2135=ORIENTED_EDGE('',*,*,#1522,.T.);
#2136=ORIENTED_EDGE('',*,*,#1353,.F.);
#2137=ORIENTED_EDGE('',*,*,#1344,.F.);
#2138=ORIENTED_EDGE('',*,*,#1523,.T.);
#2139=ORIENTED_EDGE('',*,*,#1307,.F.);
#2140=ORIENTED_EDGE('',*,*,#1291,.F.);
#2141=ORIENTED_EDGE('',*,*,#1294,.F.);
#2142=ORIENTED_EDGE('',*,*,#1492,.F.);
#2143=ORIENTED_EDGE('',*,*,#1213,.F.);
#2144=ORIENTED_EDGE('',*,*,#1218,.F.);
#2145=ORIENTED_EDGE('',*,*,#1524,.T.);
#2146=ORIENTED_EDGE('',*,*,#1401,.F.);
#2147=ORIENTED_EDGE('',*,*,#1451,.F.);
#2148=ORIENTED_EDGE('',*,*,#1524,.F.);
#2149=ORIENTED_EDGE('',*,*,#1217,.F.);
#2150=ORIENTED_EDGE('',*,*,#1494,.T.);
#2151=ORIENTED_EDGE('',*,*,#1496,.F.);
#2152=ORIENTED_EDGE('',*,*,#1343,.F.);
#2153=ORIENTED_EDGE('',*,*,#1525,.F.);
#2154=ORIENTED_EDGE('',*,*,#1308,.F.);
#2155=ORIENTED_EDGE('',*,*,#1523,.F.);
#2156=ORIENTED_EDGE('',*,*,#1309,.T.);
#2157=ORIENTED_EDGE('',*,*,#1525,.T.);
#2158=ORIENTED_EDGE('',*,*,#1348,.F.);
#2159=ORIENTED_EDGE('',*,*,#1469,.F.);
#2160=ORIENTED_EDGE('',*,*,#1455,.F.);
#2161=ORIENTED_EDGE('',*,*,#1497,.F.);
#2162=ORIENTED_EDGE('',*,*,#1351,.F.);
#2163=ORIENTED_EDGE('',*,*,#1526,.F.);
#2164=ORIENTED_EDGE('',*,*,#1433,.F.);
#2165=ORIENTED_EDGE('',*,*,#1526,.T.);
#2166=ORIENTED_EDGE('',*,*,#1350,.F.);
#2167=ORIENTED_EDGE('',*,*,#1333,.F.);
#2168=ORIENTED_EDGE('',*,*,#1527,.T.);
#2169=ORIENTED_EDGE('',*,*,#1313,.F.);
#2170=ORIENTED_EDGE('',*,*,#1283,.F.);
#2171=ORIENTED_EDGE('',*,*,#1286,.F.);
#2172=ORIENTED_EDGE('',*,*,#1499,.F.);
#2173=ORIENTED_EDGE('',*,*,#1232,.F.);
#2174=ORIENTED_EDGE('',*,*,#1237,.F.);
#2175=ORIENTED_EDGE('',*,*,#1528,.T.);
#2176=ORIENTED_EDGE('',*,*,#1399,.F.);
#2177=ORIENTED_EDGE('',*,*,#1446,.F.);
#2178=ORIENTED_EDGE('',*,*,#1528,.F.);
#2179=ORIENTED_EDGE('',*,*,#1236,.F.);
#2180=ORIENTED_EDGE('',*,*,#1501,.T.);
#2181=ORIENTED_EDGE('',*,*,#1503,.F.);
#2182=ORIENTED_EDGE('',*,*,#1332,.F.);
#2183=ORIENTED_EDGE('',*,*,#1529,.F.);
#2184=ORIENTED_EDGE('',*,*,#1314,.F.);
#2185=ORIENTED_EDGE('',*,*,#1527,.F.);
#2186=ORIENTED_EDGE('',*,*,#1315,.T.);
#2187=ORIENTED_EDGE('',*,*,#1529,.T.);
#2188=ORIENTED_EDGE('',*,*,#1337,.F.);
#2189=ORIENTED_EDGE('',*,*,#1467,.F.);
#2190=ORIENTED_EDGE('',*,*,#1450,.F.);
#2191=ORIENTED_EDGE('',*,*,#1505,.F.);
#2192=ORIENTED_EDGE('',*,*,#1361,.F.);
#2193=ORIENTED_EDGE('',*,*,#1530,.F.);
#2194=ORIENTED_EDGE('',*,*,#1435,.F.);
#2195=ORIENTED_EDGE('',*,*,#1530,.T.);
#2196=ORIENTED_EDGE('',*,*,#1360,.F.);
#2197=ORIENTED_EDGE('',*,*,#1325,.F.);
#2198=ORIENTED_EDGE('',*,*,#1531,.T.);
#2199=ORIENTED_EDGE('',*,*,#1319,.F.);
#2200=ORIENTED_EDGE('',*,*,#1269,.F.);
#2201=ORIENTED_EDGE('',*,*,#1274,.F.);
#2202=ORIENTED_EDGE('',*,*,#1253,.F.);
#2203=ORIENTED_EDGE('',*,*,#1251,.F.);
#2204=ORIENTED_EDGE('',*,*,#1359,.F.);
#2205=ORIENTED_EDGE('',*,*,#1532,.T.);
#2206=ORIENTED_EDGE('',*,*,#1386,.F.);
#2207=ORIENTED_EDGE('',*,*,#1440,.F.);
#2208=ORIENTED_EDGE('',*,*,#1445,.F.);
#2209=ORIENTED_EDGE('',*,*,#1532,.F.);
#2210=ORIENTED_EDGE('',*,*,#1358,.F.);
#2211=ORIENTED_EDGE('',*,*,#1533,.T.);
#2212=ORIENTED_EDGE('',*,*,#1534,.F.);
#2213=ORIENTED_EDGE('',*,*,#1441,.F.);
#2214=ORIENTED_EDGE('',*,*,#1534,.T.);
#2215=ORIENTED_EDGE('',*,*,#1535,.T.);
#2216=ORIENTED_EDGE('',*,*,#1472,.F.);
#2217=ORIENTED_EDGE('',*,*,#1535,.F.);
#2218=ORIENTED_EDGE('',*,*,#1533,.F.);
#2219=ORIENTED_EDGE('',*,*,#1357,.T.);
#2220=ORIENTED_EDGE('',*,*,#1473,.F.);
#2221=ORIENTED_EDGE('',*,*,#1330,.F.);
#2222=ORIENTED_EDGE('',*,*,#1536,.F.);
#2223=ORIENTED_EDGE('',*,*,#1320,.F.);
#2224=ORIENTED_EDGE('',*,*,#1531,.F.);
#2225=ORIENTED_EDGE('',*,*,#1321,.T.);
#2226=ORIENTED_EDGE('',*,*,#1536,.T.);
#2227=ORIENTED_EDGE('',*,*,#1329,.F.);
#2228=ORIENTED_EDGE('',*,*,#1465,.F.);
#2229=CYLINDRICAL_SURFACE('',#2412,3.);
#2230=CYLINDRICAL_SURFACE('',#2421,3.);
#2231=CYLINDRICAL_SURFACE('',#2429,3.);
#2232=CYLINDRICAL_SURFACE('',#2437,3.);
#2233=CYLINDRICAL_SURFACE('',#2441,10.);
#2234=CYLINDRICAL_SURFACE('',#2444,10.);
#2235=CYLINDRICAL_SURFACE('',#2450,10.);
#2236=CYLINDRICAL_SURFACE('',#2453,10.);
#2237=CYLINDRICAL_SURFACE('',#2492,2.125);
#2238=CYLINDRICAL_SURFACE('',#2496,2.125);
#2239=CYLINDRICAL_SURFACE('',#2500,2.125);
#2240=CYLINDRICAL_SURFACE('',#2504,2.125);
#2241=CYLINDRICAL_SURFACE('',#2508,2.125);
#2242=CYLINDRICAL_SURFACE('',#2512,2.125);
#2243=CYLINDRICAL_SURFACE('',#2545,2.);
#2244=CYLINDRICAL_SURFACE('',#2546,5.);
#2245=CYLINDRICAL_SURFACE('',#2556,2.);
#2246=CYLINDRICAL_SURFACE('',#2557,5.);
#2247=CYLINDRICAL_SURFACE('',#2559,2.);
#2248=CYLINDRICAL_SURFACE('',#2560,5.);
#2249=CYLINDRICAL_SURFACE('',#2562,2.);
#2250=CYLINDRICAL_SURFACE('',#2563,5.);
#2251=CYLINDRICAL_SURFACE('',#2583,0.549999999999999);
#2252=CYLINDRICAL_SURFACE('',#2584,0.549999999999995);
#2253=CYLINDRICAL_SURFACE('',#2594,1.);
#2254=CYLINDRICAL_SURFACE('',#2598,1.);
#2255=CYLINDRICAL_SURFACE('',#2604,3.65);
#2256=CYLINDRICAL_SURFACE('',#2605,3.65);
#2257=CYLINDRICAL_SURFACE('',#2606,3.65);
#2258=CYLINDRICAL_SURFACE('',#2607,3.65);
#2259=CYLINDRICAL_SURFACE('',#2608,3.65);
#2260=CYLINDRICAL_SURFACE('',#2610,2.);
#2261=CYLINDRICAL_SURFACE('',#2613,2.);
#2262=CYLINDRICAL_SURFACE('',#2615,1.);
#2263=CYLINDRICAL_SURFACE('',#2616,8.);
#2264=CYLINDRICAL_SURFACE('',#2619,2.);
#2265=CYLINDRICAL_SURFACE('',#2621,2.);
#2266=CYLINDRICAL_SURFACE('',#2622,8.);
#2267=CYLINDRICAL_SURFACE('',#2624,2.);
#2268=CYLINDRICAL_SURFACE('',#2626,2.);
#2269=CYLINDRICAL_SURFACE('',#2627,8.);
#2270=CYLINDRICAL_SURFACE('',#2629,2.);
#2271=CYLINDRICAL_SURFACE('',#2631,2.);
#2272=CYLINDRICAL_SURFACE('',#2633,1.);
#2273=CYLINDRICAL_SURFACE('',#2634,8.);
#2274=ADVANCED_FACE('',(#139),#2229,.T.);
#2275=ADVANCED_FACE('',(#140),#68,.F.);
#2276=ADVANCED_FACE('',(#141,#40),#69,.F.);
#2277=ADVANCED_FACE('',(#142),#2230,.T.);
#2278=ADVANCED_FACE('',(#143),#70,.F.);
#2279=ADVANCED_FACE('',(#144),#71,.F.);
#2280=ADVANCED_FACE('',(#145),#2231,.T.);
#2281=ADVANCED_FACE('',(#146),#72,.F.);
#2282=ADVANCED_FACE('',(#147),#73,.F.);
#2283=ADVANCED_FACE('',(#148),#2232,.T.);
#2284=ADVANCED_FACE('',(#149),#74,.F.);
#2285=ADVANCED_FACE('',(#150),#2233,.T.);
#2286=ADVANCED_FACE('',(#151),#75,.F.);
#2287=ADVANCED_FACE('',(#152),#2234,.T.);
#2288=ADVANCED_FACE('',(#153),#76,.F.);
#2289=ADVANCED_FACE('',(#154,#41),#77,.F.);
#2290=ADVANCED_FACE('',(#155),#2235,.T.);
#2291=ADVANCED_FACE('',(#156),#78,.F.);
#2292=ADVANCED_FACE('',(#157),#2236,.T.);
#2293=ADVANCED_FACE('',(#158),#79,.F.);
#2294=ADVANCED_FACE('',(#159),#80,.F.);
#2295=ADVANCED_FACE('',(#160,#42),#81,.F.);
#2296=ADVANCED_FACE('',(#161),#82,.F.);
#2297=ADVANCED_FACE('',(#162),#83,.F.);
#2298=ADVANCED_FACE('',(#163),#84,.F.);
#2299=ADVANCED_FACE('',(#164,#43),#85,.F.);
#2300=ADVANCED_FACE('',(#165,#44),#86,.F.);
#2301=ADVANCED_FACE('',(#166),#87,.F.);
#2302=ADVANCED_FACE('',(#167,#45),#88,.F.);
#2303=ADVANCED_FACE('',(#168),#89,.F.);
#2304=ADVANCED_FACE('',(#169),#90,.F.);
#2305=ADVANCED_FACE('',(#170),#91,.F.);
#2306=ADVANCED_FACE('',(#171),#92,.F.);
#2307=ADVANCED_FACE('',(#172),#93,.F.);
#2308=ADVANCED_FACE('',(#173),#94,.F.);
#2309=ADVANCED_FACE('',(#174),#2237,.F.);
#2310=ADVANCED_FACE('',(#175),#95,.T.);
#2311=ADVANCED_FACE('',(#176),#2238,.F.);
#2312=ADVANCED_FACE('',(#177),#96,.T.);
#2313=ADVANCED_FACE('',(#178),#2239,.F.);
#2314=ADVANCED_FACE('',(#179),#97,.T.);
#2315=ADVANCED_FACE('',(#180),#2240,.F.);
#2316=ADVANCED_FACE('',(#181),#98,.T.);
#2317=ADVANCED_FACE('',(#182),#2241,.F.);
#2318=ADVANCED_FACE('',(#183),#99,.T.);
#2319=ADVANCED_FACE('',(#184),#2242,.F.);
#2320=ADVANCED_FACE('',(#185),#100,.T.);
#2321=ADVANCED_FACE('',(#186),#15,.T.);
#2322=ADVANCED_FACE('',(#187,#46,#47,#48,#49),#101,.T.);
#2323=ADVANCED_FACE('',(#188),#16,.T.);
#2324=ADVANCED_FACE('',(#189),#17,.T.);
#2325=ADVANCED_FACE('',(#190),#18,.T.);
#2326=ADVANCED_FACE('',(#191),#19,.T.);
#2327=ADVANCED_FACE('',(#192),#20,.T.);
#2328=ADVANCED_FACE('',(#193),#2243,.T.);
#2329=ADVANCED_FACE('',(#194),#2244,.T.);
#2330=ADVANCED_FACE('',(#195),#21,.T.);
#2331=ADVANCED_FACE('',(#196),#22,.T.);
#2332=ADVANCED_FACE('',(#197),#2245,.T.);
#2333=ADVANCED_FACE('',(#198),#2246,.T.);
#2334=ADVANCED_FACE('',(#199),#2247,.T.);
#2335=ADVANCED_FACE('',(#200),#2248,.T.);
#2336=ADVANCED_FACE('',(#201),#2249,.T.);
#2337=ADVANCED_FACE('',(#202),#2250,.T.);
#2338=ADVANCED_FACE('',(#203,#50),#102,.T.);
#2339=ADVANCED_FACE('',(#204),#103,.T.);
#2340=ADVANCED_FACE('',(#205),#104,.T.);
#2341=ADVANCED_FACE('',(#206),#105,.T.);
#2342=ADVANCED_FACE('',(#207),#106,.T.);
#2343=ADVANCED_FACE('',(#208),#107,.T.);
#2344=ADVANCED_FACE('',(#209,#51),#108,.T.);
#2345=ADVANCED_FACE('',(#210,#52,#53,#54,#55,#56),#109,.T.);
#2346=ADVANCED_FACE('',(#211),#2251,.F.);
#2347=ADVANCED_FACE('',(#212),#2252,.F.);
#2348=ADVANCED_FACE('',(#213),#110,.F.);
#2349=ADVANCED_FACE('',(#214),#111,.F.);
#2350=ADVANCED_FACE('',(#215),#112,.F.);
#2351=ADVANCED_FACE('',(#216),#113,.F.);
#2352=ADVANCED_FACE('',(#217),#114,.F.);
#2353=ADVANCED_FACE('',(#218),#115,.F.);
#2354=ADVANCED_FACE('',(#219),#116,.F.);
#2355=ADVANCED_FACE('',(#220),#117,.F.);
#2356=ADVANCED_FACE('',(#221),#118,.F.);
#2357=ADVANCED_FACE('',(#222),#2253,.F.);
#2358=ADVANCED_FACE('',(#223),#119,.F.);
#2359=ADVANCED_FACE('',(#224),#120,.F.);
#2360=ADVANCED_FACE('',(#225),#121,.F.);
#2361=ADVANCED_FACE('',(#226),#2254,.F.);
#2362=ADVANCED_FACE('',(#227),#122,.F.);
#2363=ADVANCED_FACE('',(#228),#123,.T.);
#2364=ADVANCED_FACE('',(#229,#57),#124,.T.);
#2365=ADVANCED_FACE('',(#230),#125,.F.);
#2366=ADVANCED_FACE('',(#231),#126,.T.);
#2367=ADVANCED_FACE('',(#232,#58),#2255,.F.);
#2368=ADVANCED_FACE('',(#233),#2256,.F.);
#2369=ADVANCED_FACE('',(#234),#2257,.F.);
#2370=ADVANCED_FACE('',(#235,#59),#2258,.F.);
#2371=ADVANCED_FACE('',(#236),#2259,.F.);
#2372=ADVANCED_FACE('',(#237),#127,.F.);
#2373=ADVANCED_FACE('',(#238),#2260,.F.);
#2374=ADVANCED_FACE('',(#239,#60),#128,.F.);
#2375=ADVANCED_FACE('',(#240),#2261,.F.);
#2376=ADVANCED_FACE('',(#241),#129,.F.);
#2377=ADVANCED_FACE('',(#242),#2262,.F.);
#2378=ADVANCED_FACE('',(#243),#2263,.F.);
#2379=ADVANCED_FACE('',(#244),#130,.F.);
#2380=ADVANCED_FACE('',(#245),#131,.T.);
#2381=ADVANCED_FACE('',(#246),#2264,.F.);
#2382=ADVANCED_FACE('',(#247,#61),#132,.F.);
#2383=ADVANCED_FACE('',(#248),#2265,.F.);
#2384=ADVANCED_FACE('',(#249),#2266,.F.);
#2385=ADVANCED_FACE('',(#250),#133,.F.);
#2386=ADVANCED_FACE('',(#251),#2267,.F.);
#2387=ADVANCED_FACE('',(#252,#62),#134,.F.);
#2388=ADVANCED_FACE('',(#253),#2268,.F.);
#2389=ADVANCED_FACE('',(#254),#2269,.F.);
#2390=ADVANCED_FACE('',(#255),#135,.F.);
#2391=ADVANCED_FACE('',(#256),#2270,.F.);
#2392=ADVANCED_FACE('',(#257,#63),#136,.F.);
#2393=ADVANCED_FACE('',(#258),#2271,.F.);
#2394=ADVANCED_FACE('',(#259),#137,.F.);
#2395=ADVANCED_FACE('',(#260),#2272,.F.);
#2396=ADVANCED_FACE('',(#261),#2273,.F.);
#2397=ADVANCED_FACE('',(#262),#138,.F.);
#2398=CLOSED_SHELL('',(#2274,#2275,#2276,#2277,#2278,#2279,#2280,#2281,
#2282,#2283,#2284,#2285,#2286,#2287,#2288,#2289,#2290,#2291,#2292,#2293,
#2294,#2295,#2296,#2297,#2298,#2299,#2300,#2301,#2302,#2303,#2304,#2305,
#2306,#2307,#2308,#2309,#2310,#2311,#2312,#2313,#2314,#2315,#2316,#2317,
#2318,#2319,#2320,#2321,#2322,#2323,#2324,#2325,#2326,#2327,#2328,#2329,
#2330,#2331,#2332,#2333,#2334,#2335,#2336,#2337,#2338,#2339,#2340,#2341,
#2342,#2343,#2344,#2345,#2346,#2347,#2348,#2349,#2350,#2351,#2352,#2353,
#2354,#2355,#2356,#2357,#2358,#2359,#2360,#2361,#2362,#2363,#2364,#2365,
#2366,#2367,#2368,#2369,#2370,#2371,#2372,#2373,#2374,#2375,#2376,#2377,
#2378,#2379,#2380,#2381,#2382,#2383,#2384,#2385,#2386,#2387,#2388,#2389,
#2390,#2391,#2392,#2393,#2394,#2395,#2396,#2397));
#2399=DERIVED_UNIT_ELEMENT(#2401,1.);
#2400=DERIVED_UNIT_ELEMENT(#4158,-3.);
#2401=(
MASS_UNIT()
NAMED_UNIT(*)
SI_UNIT(.KILO.,.GRAM.)
);
#2402=DERIVED_UNIT((#2399,#2400));
#2403=MEASURE_REPRESENTATION_ITEM('density measure',
POSITIVE_RATIO_MEASURE(1290.),#2402);
#2404=PROPERTY_DEFINITION_REPRESENTATION(#2409,#2406);
#2405=PROPERTY_DEFINITION_REPRESENTATION(#2410,#2407);
#2406=REPRESENTATION('material name',(#2408),#4155);
#2407=REPRESENTATION('density',(#2403),#4155);
#2408=DESCRIPTIVE_REPRESENTATION_ITEM('Plastic','Plastic');
#2409=PROPERTY_DEFINITION('material property','material name',#4165);
#2410=PROPERTY_DEFINITION('material property','density of part',#4165);
#2411=AXIS2_PLACEMENT_3D('',#3315,#2636,#2637);
#2412=AXIS2_PLACEMENT_3D('',#3316,#2638,#2639);
#2413=AXIS2_PLACEMENT_3D('',#3319,#2640,#2641);
#2414=AXIS2_PLACEMENT_3D('',#3323,#2643,#2644);
#2415=AXIS2_PLACEMENT_3D('',#3325,#2646,#2647);
#2416=AXIS2_PLACEMENT_3D('',#3331,#2650,#2651);
#2417=AXIS2_PLACEMENT_3D('',#3333,#2653,#2654);
#2418=AXIS2_PLACEMENT_3D('',#3339,#2657,#2658);
#2419=AXIS2_PLACEMENT_3D('',#3354,#2666,#2667);
#2420=AXIS2_PLACEMENT_3D('',#3356,#2668,#2669);
#2421=AXIS2_PLACEMENT_3D('',#3357,#2670,#2671);
#2422=AXIS2_PLACEMENT_3D('',#3360,#2672,#2673);
#2423=AXIS2_PLACEMENT_3D('',#3364,#2675,#2676);
#2424=AXIS2_PLACEMENT_3D('',#3366,#2678,#2679);
#2425=AXIS2_PLACEMENT_3D('',#3372,#2682,#2683);
#2426=AXIS2_PLACEMENT_3D('',#3374,#2685,#2686);
#2427=AXIS2_PLACEMENT_3D('',#3380,#2689,#2690);
#2428=AXIS2_PLACEMENT_3D('',#3395,#2698,#2699);
#2429=AXIS2_PLACEMENT_3D('',#3396,#2700,#2701);
#2430=AXIS2_PLACEMENT_3D('',#3399,#2702,#2703);
#2431=AXIS2_PLACEMENT_3D('',#3403,#2705,#2706);
#2432=AXIS2_PLACEMENT_3D('',#3405,#2708,#2709);
#2433=AXIS2_PLACEMENT_3D('',#3411,#2712,#2713);
#2434=AXIS2_PLACEMENT_3D('',#3413,#2715,#2716);
#2435=AXIS2_PLACEMENT_3D('',#3419,#2719,#2720);
#2436=AXIS2_PLACEMENT_3D('',#3434,#2728,#2729);
#2437=AXIS2_PLACEMENT_3D('',#3435,#2730,#2731);
#2438=AXIS2_PLACEMENT_3D('',#3438,#2732,#2733);
#2439=AXIS2_PLACEMENT_3D('',#3442,#2735,#2736);
#2440=AXIS2_PLACEMENT_3D('',#3444,#2738,#2739);
#2441=AXIS2_PLACEMENT_3D('',#3450,#2743,#2744);
#2442=AXIS2_PLACEMENT_3D('',#3470,#2747,#2748);
#2443=AXIS2_PLACEMENT_3D('',#3472,#2750,#2751);
#2444=AXIS2_PLACEMENT_3D('',#3476,#2754,#2755);
#2445=AXIS2_PLACEMENT_3D('',#3495,#2757,#2758);
#2446=AXIS2_PLACEMENT_3D('',#3499,#2760,#2761);
#2447=AXIS2_PLACEMENT_3D('',#3501,#2763,#2764);
#2448=AXIS2_PLACEMENT_3D('',#3508,#2769,#2770);
#2449=AXIS2_PLACEMENT_3D('',#3515,#2774,#2775);
#2450=AXIS2_PLACEMENT_3D('',#3516,#2776,#2777);
#2451=AXIS2_PLACEMENT_3D('',#3536,#2780,#2781);
#2452=AXIS2_PLACEMENT_3D('',#3538,#2783,#2784);
#2453=AXIS2_PLACEMENT_3D('',#3542,#2787,#2788);
#2454=AXIS2_PLACEMENT_3D('',#3562,#2791,#2792);
#2455=AXIS2_PLACEMENT_3D('',#3564,#2794,#2795);
#2456=AXIS2_PLACEMENT_3D('',#3568,#2798,#2799);
#2457=AXIS2_PLACEMENT_3D('',#3572,#2801,#2802);
#2458=AXIS2_PLACEMENT_3D('',#3578,#2806,#2807);
#2459=AXIS2_PLACEMENT_3D('',#3579,#2808,#2809);
#2460=AXIS2_PLACEMENT_3D('',#3589,#2814,#2815);
#2461=AXIS2_PLACEMENT_3D('',#3591,#2816,#2817);
#2462=AXIS2_PLACEMENT_3D('',#3592,#2818,#2819);
#2463=AXIS2_PLACEMENT_3D('',#3596,#2821,#2822);
#2464=AXIS2_PLACEMENT_3D('',#3602,#2826,#2827);
#2465=AXIS2_PLACEMENT_3D('',#3603,#2828,#2829);
#2466=AXIS2_PLACEMENT_3D('',#3607,#2831,#2832);
#2467=AXIS2_PLACEMENT_3D('',#3613,#2836,#2837);
#2468=AXIS2_PLACEMENT_3D('',#3614,#2838,#2839);
#2469=AXIS2_PLACEMENT_3D('',#3618,#2841,#2842);
#2470=AXIS2_PLACEMENT_3D('',#3624,#2846,#2847);
#2471=AXIS2_PLACEMENT_3D('',#3625,#2848,#2849);
#2472=AXIS2_PLACEMENT_3D('',#3636,#2855,#2856);
#2473=AXIS2_PLACEMENT_3D('',#3638,#2857,#2858);
#2474=AXIS2_PLACEMENT_3D('',#3639,#2859,#2860);
#2475=AXIS2_PLACEMENT_3D('',#3642,#2861,#2862);
#2476=AXIS2_PLACEMENT_3D('',#3652,#2868,#2869);
#2477=AXIS2_PLACEMENT_3D('',#3653,#2870,#2871);
#2478=AXIS2_PLACEMENT_3D('',#3657,#2873,#2874);
#2479=AXIS2_PLACEMENT_3D('',#3661,#2877,#2878);
#2480=AXIS2_PLACEMENT_3D('',#3664,#2879,#2880);
#2481=AXIS2_PLACEMENT_3D('',#3674,#2886,#2887);
#2482=AXIS2_PLACEMENT_3D('',#3675,#2888,#2889);
#2483=AXIS2_PLACEMENT_3D('',#3679,#2891,#2892);
#2484=AXIS2_PLACEMENT_3D('',#3681,#2894,#2895);
#2485=AXIS2_PLACEMENT_3D('',#3685,#2897,#2898);
#2486=AXIS2_PLACEMENT_3D('',#3687,#2900,#2901);
#2487=AXIS2_PLACEMENT_3D('',#3693,#2904,#2905);
#2488=AXIS2_PLACEMENT_3D('',#3695,#2907,#2908);
#2489=AXIS2_PLACEMENT_3D('',#3699,#2910,#2911);
#2490=AXIS2_PLACEMENT_3D('',#3701,#2913,#2914);
#2491=AXIS2_PLACEMENT_3D('',#3704,#2917,#2918);
#2492=AXIS2_PLACEMENT_3D('',#3706,#2920,#2921);
#2493=AXIS2_PLACEMENT_3D('',#3708,#2922,#2923);
#2494=AXIS2_PLACEMENT_3D('',#3711,#2925,#2926);
#2495=AXIS2_PLACEMENT_3D('',#3712,#2927,#2928);
#2496=AXIS2_PLACEMENT_3D('',#3713,#2929,#2930);
#2497=AXIS2_PLACEMENT_3D('',#3715,#2931,#2932);
#2498=AXIS2_PLACEMENT_3D('',#3718,#2934,#2935);
#2499=AXIS2_PLACEMENT_3D('',#3719,#2936,#2937);
#2500=AXIS2_PLACEMENT_3D('',#3720,#2938,#2939);
#2501=AXIS2_PLACEMENT_3D('',#3722,#2940,#2941);
#2502=AXIS2_PLACEMENT_3D('',#3725,#2943,#2944);
#2503=AXIS2_PLACEMENT_3D('',#3726,#2945,#2946);
#2504=AXIS2_PLACEMENT_3D('',#3727,#2947,#2948);
#2505=AXIS2_PLACEMENT_3D('',#3729,#2949,#2950);
#2506=AXIS2_PLACEMENT_3D('',#3732,#2952,#2953);
#2507=AXIS2_PLACEMENT_3D('',#3733,#2954,#2955);
#2508=AXIS2_PLACEMENT_3D('',#3734,#2956,#2957);
#2509=AXIS2_PLACEMENT_3D('',#3736,#2958,#2959);
#2510=AXIS2_PLACEMENT_3D('',#3739,#2961,#2962);
#2511=AXIS2_PLACEMENT_3D('',#3740,#2963,#2964);
#2512=AXIS2_PLACEMENT_3D('',#3741,#2965,#2966);
#2513=AXIS2_PLACEMENT_3D('',#3743,#2967,#2968);
#2514=AXIS2_PLACEMENT_3D('',#3746,#2970,#2971);
#2515=AXIS2_PLACEMENT_3D('',#3747,#2972,#2973);
#2516=AXIS2_PLACEMENT_3D('',#3748,#2974,#2975);
#2517=AXIS2_PLACEMENT_3D('',#3750,#2976,#2977);
#2518=AXIS2_PLACEMENT_3D('',#3752,#2978,#2979);
#2519=AXIS2_PLACEMENT_3D('',#3753,#2980,#2981);
#2520=AXIS2_PLACEMENT_3D('',#3754,#2982,#2983);
#2521=AXIS2_PLACEMENT_3D('',#3757,#2984,#2985);
#2522=AXIS2_PLACEMENT_3D('',#3761,#2987,#2988);
#2523=AXIS2_PLACEMENT_3D('',#3765,#2990,#2991);
#2524=AXIS2_PLACEMENT_3D('',#3769,#2993,#2994);
#2525=AXIS2_PLACEMENT_3D('',#3772,#2996,#2997);
#2526=AXIS2_PLACEMENT_3D('',#3774,#2998,#2999);
#2527=AXIS2_PLACEMENT_3D('',#3776,#3000,#3001);
#2528=AXIS2_PLACEMENT_3D('',#3777,#3002,#3003);
#2529=AXIS2_PLACEMENT_3D('',#3779,#3004,#3005);
#2530=AXIS2_PLACEMENT_3D('',#3780,#3006,#3007);
#2531=AXIS2_PLACEMENT_3D('',#3781,#3008,#3009);
#2532=AXIS2_PLACEMENT_3D('',#3783,#3010,#3011);
#2533=AXIS2_PLACEMENT_3D('',#3784,#3012,#3013);
#2534=AXIS2_PLACEMENT_3D('',#3785,#3014,#3015);
#2535=AXIS2_PLACEMENT_3D('',#3787,#3016,#3017);
#2536=AXIS2_PLACEMENT_3D('',#3788,#3018,#3019);
#2537=AXIS2_PLACEMENT_3D('',#3789,#3020,#3021);
#2538=AXIS2_PLACEMENT_3D('',#3792,#3022,#3023);
#2539=AXIS2_PLACEMENT_3D('',#3793,#3024,#3025);
#2540=AXIS2_PLACEMENT_3D('',#3794,#3026,#3027);
#2541=AXIS2_PLACEMENT_3D('',#3795,#3028,#3029);
#2542=AXIS2_PLACEMENT_3D('',#3797,#3030,#3031);
#2543=AXIS2_PLACEMENT_3D('',#3799,#3032,#3033);
#2544=AXIS2_PLACEMENT_3D('',#3800,#3034,#3035);
#2545=AXIS2_PLACEMENT_3D('',#3801,#3036,#3037);
#2546=AXIS2_PLACEMENT_3D('',#3803,#3039,#3040);
#2547=AXIS2_PLACEMENT_3D('',#3806,#3041,#3042);
#2548=AXIS2_PLACEMENT_3D('',#3809,#3045,#3046);
#2549=AXIS2_PLACEMENT_3D('',#3811,#3047,#3048);
#2550=AXIS2_PLACEMENT_3D('',#3813,#3049,#3050);
#2551=AXIS2_PLACEMENT_3D('',#3814,#3051,#3052);
#2552=AXIS2_PLACEMENT_3D('',#3815,#3053,#3054);
#2553=AXIS2_PLACEMENT_3D('',#3817,#3055,#3056);
#2554=AXIS2_PLACEMENT_3D('',#3819,#3057,#3058);
#2555=AXIS2_PLACEMENT_3D('',#3820,#3059,#3060);
#2556=AXIS2_PLACEMENT_3D('',#3821,#3061,#3062);
#2557=AXIS2_PLACEMENT_3D('',#3823,#3064,#3065);
#2558=AXIS2_PLACEMENT_3D('',#3826,#3066,#3067);
#2559=AXIS2_PLACEMENT_3D('',#3829,#3070,#3071);
#2560=AXIS2_PLACEMENT_3D('',#3831,#3073,#3074);
#2561=AXIS2_PLACEMENT_3D('',#3834,#3075,#3076);
#2562=AXIS2_PLACEMENT_3D('',#3837,#3079,#3080);
#2563=AXIS2_PLACEMENT_3D('',#3855,#3090,#3091);
#2564=AXIS2_PLACEMENT_3D('',#3858,#3092,#3093);
#2565=AXIS2_PLACEMENT_3D('',#3870,#3097,#3098);
#2566=AXIS2_PLACEMENT_3D('',#3873,#3100,#3101);
#2567=AXIS2_PLACEMENT_3D('',#3874,#3102,#3103);
#2568=AXIS2_PLACEMENT_3D('',#3876,#3105,#3106);
#2569=AXIS2_PLACEMENT_3D('',#3877,#3107,#3108);
#2570=AXIS2_PLACEMENT_3D('',#3878,#3109,#3110);
#2571=AXIS2_PLACEMENT_3D('',#3880,#3111,#3112);
#2572=AXIS2_PLACEMENT_3D('',#3887,#3116,#3117);
#2573=AXIS2_PLACEMENT_3D('',#3888,#3118,#3119);
#2574=AXIS2_PLACEMENT_3D('',#3890,#3120,#3121);
#2575=AXIS2_PLACEMENT_3D('',#3897,#3125,#3126);
#2576=AXIS2_PLACEMENT_3D('',#3898,#3127,#3128);
#2577=AXIS2_PLACEMENT_3D('',#3900,#3129,#3130);
#2578=AXIS2_PLACEMENT_3D('',#3907,#3134,#3135);
#2579=AXIS2_PLACEMENT_3D('',#3908,#3136,#3137);
#2580=AXIS2_PLACEMENT_3D('',#3911,#3139,#3140);
#2581=AXIS2_PLACEMENT_3D('',#3912,#3141,#3142);
#2582=AXIS2_PLACEMENT_3D('',#3926,#3153,#3154);
#2583=AXIS2_PLACEMENT_3D('',#3927,#3155,#3156);
#2584=AXIS2_PLACEMENT_3D('',#3967,#3158,#3159);
#2585=AXIS2_PLACEMENT_3D('',#4007,#3161,#3162);
#2586=AXIS2_PLACEMENT_3D('',#4009,#3164,#3165);
#2587=AXIS2_PLACEMENT_3D('',#4010,#3166,#3167);
#2588=AXIS2_PLACEMENT_3D('',#4011,#3168,#3169);
#2589=AXIS2_PLACEMENT_3D('',#4017,#3173,#3174);
#2590=AXIS2_PLACEMENT_3D('',#4023,#3178,#3179);
#2591=AXIS2_PLACEMENT_3D('',#4029,#3183,#3184);
#2592=AXIS2_PLACEMENT_3D('',#4030,#3185,#3186);
#2593=AXIS2_PLACEMENT_3D('',#4033,#3189,#3190);
#2594=AXIS2_PLACEMENT_3D('',#4035,#3192,#3193);
#2595=AXIS2_PLACEMENT_3D('',#4046,#3195,#3196);
#2596=AXIS2_PLACEMENT_3D('',#4049,#3199,#3200);
#2597=AXIS2_PLACEMENT_3D('',#4052,#3203,#3204);
#2598=AXIS2_PLACEMENT_3D('',#4054,#3206,#3207);
#2599=AXIS2_PLACEMENT_3D('',#4065,#3209,#3210);
#2600=AXIS2_PLACEMENT_3D('',#4068,#3213,#3214);
#2601=AXIS2_PLACEMENT_3D('',#4069,#3215,#3216);
#2602=AXIS2_PLACEMENT_3D('',#4071,#3218,#3219);
#2603=AXIS2_PLACEMENT_3D('',#4073,#3221,#3222);
#2604=AXIS2_PLACEMENT_3D('',#4075,#3224,#3225);
#2605=AXIS2_PLACEMENT_3D('',#4077,#3227,#3228);
#2606=AXIS2_PLACEMENT_3D('',#4079,#3230,#3231);
#2607=AXIS2_PLACEMENT_3D('',#4081,#3233,#3234);
#2608=AXIS2_PLACEMENT_3D('',#4083,#3236,#3237);
#2609=AXIS2_PLACEMENT_3D('',#4085,#3239,#3240);
#2610=AXIS2_PLACEMENT_3D('',#4089,#3243,#3244);
#2611=AXIS2_PLACEMENT_3D('',#4090,#3245,#3246);
#2612=AXIS2_PLACEMENT_3D('',#4092,#3248,#3249);
#2613=AXIS2_PLACEMENT_3D('',#4096,#3253,#3254);
#2614=AXIS2_PLACEMENT_3D('',#4107,#3256,#3257);
#2615=AXIS2_PLACEMENT_3D('',#4109,#3259,#3260);
#2616=AXIS2_PLACEMENT_3D('',#4110,#3261,#3262);
#2617=AXIS2_PLACEMENT_3D('',#4111,#3263,#3264);
#2618=AXIS2_PLACEMENT_3D('',#4112,#3265,#3266);
#2619=AXIS2_PLACEMENT_3D('',#4113,#3267,#3268);
#2620=AXIS2_PLACEMENT_3D('',#4115,#3270,#3271);
#2621=AXIS2_PLACEMENT_3D('',#4118,#3274,#3275);
#2622=AXIS2_PLACEMENT_3D('',#4119,#3276,#3277);
#2623=AXIS2_PLACEMENT_3D('',#4121,#3279,#3280);
#2624=AXIS2_PLACEMENT_3D('',#4122,#3281,#3282);
#2625=AXIS2_PLACEMENT_3D('',#4124,#3284,#3285);
#2626=AXIS2_PLACEMENT_3D('',#4127,#3288,#3289);
#2627=AXIS2_PLACEMENT_3D('',#4128,#3290,#3291);
#2628=AXIS2_PLACEMENT_3D('',#4130,#3293,#3294);
#2629=AXIS2_PLACEMENT_3D('',#4131,#3295,#3296);
#2630=AXIS2_PLACEMENT_3D('',#4133,#3298,#3299);
#2631=AXIS2_PLACEMENT_3D('',#4136,#3302,#3303);
#2632=AXIS2_PLACEMENT_3D('',#4147,#3305,#3306);
#2633=AXIS2_PLACEMENT_3D('',#4149,#3308,#3309);
#2634=AXIS2_PLACEMENT_3D('',#4150,#3310,#3311);
#2635=AXIS2_PLACEMENT_3D('',#4152,#3313,#3314);
#2636=DIRECTION('axis',(0.,0.,1.));
#2637=DIRECTION('refdir',(1.,0.,0.));
#2638=DIRECTION('center_axis',(0.,0.,-1.));
#2639=DIRECTION('ref_axis',(0.525731176765126,-0.850650768398616,0.));
#2640=DIRECTION('center_axis',(0.,0.,1.));
#2641=DIRECTION('ref_axis',(0.525731176765126,-0.850650768398616,0.));
#2642=DIRECTION('',(0.,0.,1.));
#2643=DIRECTION('center_axis',(0.,0.,1.));
#2644=DIRECTION('ref_axis',(0.525731176765126,-0.850650768398616,0.));
#2645=DIRECTION('',(0.,0.,-1.));
#2646=DIRECTION('center_axis',(-0.894427258972728,0.447213459554308,0.));
#2647=DIRECTION('ref_axis',(-0.447213459554308,-0.894427258972728,0.));
#2648=DIRECTION('',(0.447213459554308,0.894427258972728,0.));
#2649=DIRECTION('',(0.,0.,-1.));
#2650=DIRECTION('center_axis',(0.894427258972728,-0.447213459554308,0.));
#2651=DIRECTION('ref_axis',(0.447213459554308,0.894427258972728,-2.48253434190973E-16));
#2652=DIRECTION('',(-0.447213459554308,-0.894427258972728,0.));
#2653=DIRECTION('center_axis',(0.,0.,1.));
#2654=DIRECTION('ref_axis',(1.,0.,0.));
#2655=DIRECTION('',(1.,1.48483693234184E-16,0.));
#2656=DIRECTION('',(0.707106781186548,0.707106781186547,0.));
#2657=DIRECTION('center_axis',(0.,0.,1.));
#2658=DIRECTION('ref_axis',(0.38268343236509,-0.923879532511287,0.));
#2659=DIRECTION('',(-1.,0.,0.));
#2660=DIRECTION('',(0.,-1.,0.));
#2661=DIRECTION('',(1.,0.,0.));
#2662=DIRECTION('',(0.,-1.,0.));
#2663=DIRECTION('',(-1.,0.,0.));
#2664=DIRECTION('',(0.,1.,0.));
#2665=DIRECTION('',(1.,0.,0.));
#2666=DIRECTION('center_axis',(0.,0.,-1.));
#2667=DIRECTION('ref_axis',(-0.525731176765128,0.850650768398615,0.));
#2668=DIRECTION('center_axis',(0.,0.,1.));
#2669=DIRECTION('ref_axis',(1.,0.,0.));
#2670=DIRECTION('center_axis',(0.,0.,-1.));
#2671=DIRECTION('ref_axis',(0.525731176765126,-0.850650768398616,0.));
#2672=DIRECTION('center_axis',(0.,0.,1.));
#2673=DIRECTION('ref_axis',(0.525731176765126,-0.850650768398616,0.));
#2674=DIRECTION('',(0.,0.,1.));
#2675=DIRECTION('center_axis',(0.,0.,1.));
#2676=DIRECTION('ref_axis',(0.525731176765126,-0.850650768398616,0.));
#2677=DIRECTION('',(0.,0.,-1.));
#2678=DIRECTION('center_axis',(-0.894427258972728,0.447213459554308,0.));
#2679=DIRECTION('ref_axis',(-0.447213459554308,-0.894427258972728,0.));
#2680=DIRECTION('',(0.447213459554308,0.894427258972728,0.));
#2681=DIRECTION('',(0.,0.,-1.));
#2682=DIRECTION('center_axis',(0.894427258972728,-0.447213459554308,0.));
#2683=DIRECTION('ref_axis',(0.447213459554308,0.894427258972728,-2.48253434190973E-16));
#2684=DIRECTION('',(-0.447213459554308,-0.894427258972728,0.));
#2685=DIRECTION('center_axis',(0.,0.,1.));
#2686=DIRECTION('ref_axis',(1.,0.,0.));
#2687=DIRECTION('',(1.,1.48483693234184E-16,0.));
#2688=DIRECTION('',(0.707106781186548,0.707106781186547,0.));
#2689=DIRECTION('center_axis',(0.,0.,1.));
#2690=DIRECTION('ref_axis',(0.38268343236509,-0.923879532511287,0.));
#2691=DIRECTION('',(1.,0.,0.));
#2692=DIRECTION('',(0.,-1.,0.));
#2693=DIRECTION('',(1.,0.,0.));
#2694=DIRECTION('',(0.,-1.,0.));
#2695=DIRECTION('',(-1.,0.,0.));
#2696=DIRECTION('',(0.,1.,0.));
#2697=DIRECTION('',(1.,0.,0.));
#2698=DIRECTION('center_axis',(0.,0.,-1.));
#2699=DIRECTION('ref_axis',(-0.525731176765128,0.850650768398615,0.));
#2700=DIRECTION('center_axis',(0.,0.,-1.));
#2701=DIRECTION('ref_axis',(0.525731176765126,-0.850650768398616,0.));
#2702=DIRECTION('center_axis',(0.,0.,1.));
#2703=DIRECTION('ref_axis',(0.525731176765126,-0.850650768398616,0.));
#2704=DIRECTION('',(0.,0.,1.));
#2705=DIRECTION('center_axis',(0.,0.,1.));
#2706=DIRECTION('ref_axis',(0.525731176765126,-0.850650768398616,0.));
#2707=DIRECTION('',(0.,0.,-1.));
#2708=DIRECTION('center_axis',(-0.894427258972728,0.447213459554308,0.));
#2709=DIRECTION('ref_axis',(-0.447213459554308,-0.894427258972728,0.));
#2710=DIRECTION('',(0.447213459554308,0.894427258972728,0.));
#2711=DIRECTION('',(0.,0.,-1.));
#2712=DIRECTION('center_axis',(0.894427258972728,-0.447213459554308,0.));
#2713=DIRECTION('ref_axis',(0.447213459554308,0.894427258972728,-2.48253434190973E-16));
#2714=DIRECTION('',(-0.447213459554308,-0.894427258972728,0.));
#2715=DIRECTION('center_axis',(0.,0.,1.));
#2716=DIRECTION('ref_axis',(1.,0.,0.));
#2717=DIRECTION('',(1.,1.48483693234184E-16,0.));
#2718=DIRECTION('',(0.707106781186548,0.707106781186547,0.));
#2719=DIRECTION('center_axis',(0.,0.,1.));
#2720=DIRECTION('ref_axis',(0.38268343236509,-0.923879532511287,0.));
#2721=DIRECTION('',(1.,0.,0.));
#2722=DIRECTION('',(0.,-1.,0.));
#2723=DIRECTION('',(1.,0.,0.));
#2724=DIRECTION('',(0.,-1.,0.));
#2725=DIRECTION('',(-1.,0.,0.));
#2726=DIRECTION('',(0.,1.,0.));
#2727=DIRECTION('',(1.,0.,0.));
#2728=DIRECTION('center_axis',(0.,0.,-1.));
#2729=DIRECTION('ref_axis',(-0.525731176765128,0.850650768398615,0.));
#2730=DIRECTION('center_axis',(0.,0.,-1.));
#2731=DIRECTION('ref_axis',(0.525731176765126,-0.850650768398616,0.));
#2732=DIRECTION('center_axis',(0.,0.,1.));
#2733=DIRECTION('ref_axis',(0.525731176765126,-0.850650768398616,0.));
#2734=DIRECTION('',(0.,0.,1.));
#2735=DIRECTION('center_axis',(0.,0.,1.));
#2736=DIRECTION('ref_axis',(0.525731176765126,-0.850650768398616,0.));
#2737=DIRECTION('',(0.,0.,-1.));
#2738=DIRECTION('center_axis',(-1.48483693234184E-16,1.,0.));
#2739=DIRECTION('ref_axis',(-1.,-1.48483693234184E-16,0.));
#2740=DIRECTION('',(-1.,-1.48483693234184E-16,0.));
#2741=DIRECTION('',(0.,0.,1.));
#2742=DIRECTION('',(-1.,-1.48483693234184E-16,0.));
#2743=DIRECTION('center_axis',(0.,0.,1.));
#2744=DIRECTION('ref_axis',(0.38268343236509,-0.923879532511287,0.));
#2745=DIRECTION('',(0.,0.,-1.));
#2746=DIRECTION('',(0.,0.,1.));
#2747=DIRECTION('center_axis',(0.,0.,1.));
#2748=DIRECTION('ref_axis',(0.38268343236509,-0.923879532511287,0.));
#2749=DIRECTION('',(0.,0.,-1.));
#2750=DIRECTION('center_axis',(-0.707106781186547,0.707106781186548,0.));
#2751=DIRECTION('ref_axis',(-0.707106781186548,-0.707106781186547,0.));
#2752=DIRECTION('',(0.,0.,1.));
#2753=DIRECTION('',(-0.707106781186548,-0.707106781186547,0.));
#2754=DIRECTION('center_axis',(0.,0.,1.));
#2755=DIRECTION('ref_axis',(0.38268343236509,-0.923879532511287,0.));
#2756=DIRECTION('',(0.,0.,-1.));
#2757=DIRECTION('center_axis',(0.,0.,1.));
#2758=DIRECTION('ref_axis',(0.38268343236509,-0.923879532511287,0.));
#2759=DIRECTION('',(0.,0.,1.));
#2760=DIRECTION('center_axis',(0.,0.,1.));
#2761=DIRECTION('ref_axis',(0.38268343236509,-0.923879532511287,0.));
#2762=DIRECTION('',(0.,0.,-1.));
#2763=DIRECTION('center_axis',(-0.707106781186547,0.707106781186548,0.));
#2764=DIRECTION('ref_axis',(-0.707106781186548,-0.707106781186547,0.));
#2765=DIRECTION('',(0.707106781186548,0.707106781186547,0.));
#2766=DIRECTION('',(0.,0.,-1.));
#2767=DIRECTION('',(-0.707106781186548,-0.707106781186547,0.));
#2768=DIRECTION('',(-0.707106781186548,-0.707106781186547,0.));
#2769=DIRECTION('center_axis',(0.,0.,1.));
#2770=DIRECTION('ref_axis',(1.,0.,0.));
#2771=DIRECTION('',(1.,0.,0.));
#2772=DIRECTION('',(0.,-1.,0.));
#2773=DIRECTION('',(-1.,0.,0.));
#2774=DIRECTION('center_axis',(0.,0.,1.));
#2775=DIRECTION('ref_axis',(1.,0.,0.));
#2776=DIRECTION('center_axis',(0.,0.,1.));
#2777=DIRECTION('ref_axis',(0.38268343236509,-0.923879532511287,0.));
#2778=DIRECTION('',(0.,0.,-1.));
#2779=DIRECTION('',(0.,0.,1.));
#2780=DIRECTION('center_axis',(0.,0.,1.));
#2781=DIRECTION('ref_axis',(0.38268343236509,-0.923879532511287,0.));
#2782=DIRECTION('',(0.,0.,-1.));
#2783=DIRECTION('center_axis',(-0.707106781186547,0.707106781186548,0.));
#2784=DIRECTION('ref_axis',(-0.707106781186548,-0.707106781186547,0.));
#2785=DIRECTION('',(0.,0.,1.));
#2786=DIRECTION('',(-0.707106781186548,-0.707106781186547,0.));
#2787=DIRECTION('center_axis',(0.,0.,1.));
#2788=DIRECTION('ref_axis',(0.38268343236509,-0.923879532511287,0.));
#2789=DIRECTION('',(0.,0.,-1.));
#2790=DIRECTION('',(0.,0.,1.));
#2791=DIRECTION('center_axis',(0.,0.,1.));
#2792=DIRECTION('ref_axis',(0.38268343236509,-0.923879532511287,0.));
#2793=DIRECTION('',(0.,0.,-1.));
#2794=DIRECTION('center_axis',(-0.707106781186547,0.707106781186548,0.));
#2795=DIRECTION('ref_axis',(-0.707106781186548,-0.707106781186547,0.));
#2796=DIRECTION('',(0.,0.,1.));
#2797=DIRECTION('',(-0.707106781186548,-0.707106781186547,0.));
#2798=DIRECTION('center_axis',(0.,1.,0.));
#2799=DIRECTION('ref_axis',(-1.,0.,0.));
#2800=DIRECTION('',(-1.,0.,0.));
#2801=DIRECTION('center_axis',(0.,-1.,0.));
#2802=DIRECTION('ref_axis',(-0.707106781186547,0.,0.707106781186548));
#2803=DIRECTION('',(0.,0.,1.));
#2804=DIRECTION('',(-1.,0.,0.));
#2805=DIRECTION('',(0.,0.,-1.));
#2806=DIRECTION('center_axis',(0.,1.,0.));
#2807=DIRECTION('ref_axis',(-1.,0.,0.));
#2808=DIRECTION('center_axis',(0.,-1.,0.));
#2809=DIRECTION('ref_axis',(1.,0.,0.));
#2810=DIRECTION('',(1.,0.,0.));
#2811=DIRECTION('',(0.,0.,1.));
#2812=DIRECTION('',(1.,0.,0.));
#2813=DIRECTION('',(0.,0.,-1.));
#2814=DIRECTION('center_axis',(0.,1.,0.));
#2815=DIRECTION('ref_axis',(-0.707106781186547,0.,0.707106781186548));
#2816=DIRECTION('center_axis',(0.,-1.,0.));
#2817=DIRECTION('ref_axis',(-1.,0.,0.));
#2818=DIRECTION('center_axis',(0.,1.,0.));
#2819=DIRECTION('ref_axis',(-1.,0.,0.));
#2820=DIRECTION('',(-1.,0.,0.));
#2821=DIRECTION('center_axis',(0.,-1.,0.));
#2822=DIRECTION('ref_axis',(-0.707106781186547,0.,0.707106781186548));
#2823=DIRECTION('',(0.,0.,1.));
#2824=DIRECTION('',(-1.,0.,0.));
#2825=DIRECTION('',(0.,0.,1.));
#2826=DIRECTION('center_axis',(0.,1.,0.));
#2827=DIRECTION('ref_axis',(-1.,0.,0.));
#2828=DIRECTION('center_axis',(0.,1.,0.));
#2829=DIRECTION('ref_axis',(-1.,0.,0.));
#2830=DIRECTION('',(-1.,0.,0.));
#2831=DIRECTION('center_axis',(0.,-1.,0.));
#2832=DIRECTION('ref_axis',(-0.707106781186547,0.,0.707106781186548));
#2833=DIRECTION('',(0.,0.,1.));
#2834=DIRECTION('',(-1.,0.,0.));
#2835=DIRECTION('',(0.,0.,1.));
#2836=DIRECTION('center_axis',(0.,1.,0.));
#2837=DIRECTION('ref_axis',(-1.,0.,0.));
#2838=DIRECTION('center_axis',(0.,1.,0.));
#2839=DIRECTION('ref_axis',(-1.,0.,0.));
#2840=DIRECTION('',(-1.,0.,0.));
#2841=DIRECTION('center_axis',(0.,-1.,0.));
#2842=DIRECTION('ref_axis',(-0.707106781186547,0.,0.707106781186548));
#2843=DIRECTION('',(0.,0.,1.));
#2844=DIRECTION('',(-1.,0.,0.));
#2845=DIRECTION('',(0.,0.,1.));
#2846=DIRECTION('center_axis',(0.,1.,0.));
#2847=DIRECTION('ref_axis',(-1.,0.,0.));
#2848=DIRECTION('center_axis',(0.,-1.,0.));
#2849=DIRECTION('ref_axis',(1.,0.,0.));
#2850=DIRECTION('',(1.,0.,0.));
#2851=DIRECTION('',(0.,0.,1.));
#2852=DIRECTION('',(0.,0.,-1.));
#2853=DIRECTION('',(1.,0.,0.));
#2854=DIRECTION('',(0.,0.,1.));
#2855=DIRECTION('center_axis',(0.,1.,0.));
#2856=DIRECTION('ref_axis',(-0.707106781186547,0.,0.707106781186548));
#2857=DIRECTION('center_axis',(0.,-1.,0.));
#2858=DIRECTION('ref_axis',(-1.,0.,0.));
#2859=DIRECTION('center_axis',(0.,-1.,0.));
#2860=DIRECTION('ref_axis',(1.,0.,0.));
#2861=DIRECTION('center_axis',(0.,1.,0.));
#2862=DIRECTION('ref_axis',(-0.707106781186547,0.,0.707106781186548));
#2863=DIRECTION('',(1.,0.,0.));
#2864=DIRECTION('',(0.,0.,1.));
#2865=DIRECTION('',(0.,0.,-1.));
#2866=DIRECTION('',(1.,0.,0.));
#2867=DIRECTION('',(0.,0.,1.));
#2868=DIRECTION('center_axis',(0.,-1.,0.));
#2869=DIRECTION('ref_axis',(-1.,0.,0.));
#2870=DIRECTION('center_axis',(1.,0.,0.));
#2871=DIRECTION('ref_axis',(0.,1.,0.));
#2872=DIRECTION('',(0.,1.,0.));
#2873=DIRECTION('center_axis',(-1.,0.,0.));
#2874=DIRECTION('ref_axis',(0.,-0.707106781186548,0.707106781186548));
#2875=DIRECTION('',(0.,0.,1.));
#2876=DIRECTION('',(0.,1.,0.));
#2877=DIRECTION('center_axis',(0.,-1.,0.));
#2878=DIRECTION('ref_axis',(1.,0.,0.));
#2879=DIRECTION('center_axis',(0.,1.,0.));
#2880=DIRECTION('ref_axis',(-0.707106781186547,0.,0.707106781186548));
#2881=DIRECTION('',(1.,0.,0.));
#2882=DIRECTION('',(0.,0.,1.));
#2883=DIRECTION('',(0.,0.,-1.));
#2884=DIRECTION('',(1.,0.,0.));
#2885=DIRECTION('',(0.,0.,1.));
#2886=DIRECTION('center_axis',(0.,-1.,0.));
#2887=DIRECTION('ref_axis',(-1.,0.,0.));
#2888=DIRECTION('center_axis',(1.,0.,0.));
#2889=DIRECTION('ref_axis',(0.,1.,0.));
#2890=DIRECTION('',(0.,1.,0.));
#2891=DIRECTION('center_axis',(-1.,0.,0.));
#2892=DIRECTION('ref_axis',(0.,-0.707106781186548,0.707106781186548));
#2893=DIRECTION('',(0.,0.,1.));
#2894=DIRECTION('center_axis',(1.,0.,0.));
#2895=DIRECTION('ref_axis',(0.,1.,0.));
#2896=DIRECTION('',(0.,1.,0.));
#2897=DIRECTION('center_axis',(-1.,0.,0.));
#2898=DIRECTION('ref_axis',(0.,-0.707106781186548,0.707106781186548));
#2899=DIRECTION('',(0.,0.,1.));
#2900=DIRECTION('center_axis',(-0.894427258972728,0.447213459554308,0.));
#2901=DIRECTION('ref_axis',(-0.447213459554308,-0.894427258972728,0.));
#2902=DIRECTION('',(-0.447213459554308,-0.894427258972728,0.));
#2903=DIRECTION('',(0.,0.,-1.));
#2904=DIRECTION('center_axis',(0.894427258972728,-0.447213459554308,0.));
#2905=DIRECTION('ref_axis',(0.447213459554308,0.894427258972728,-2.48253434190973E-16));
#2906=DIRECTION('',(-0.447213459554308,-0.894427258972728,0.));
#2907=DIRECTION('center_axis',(1.,0.,0.));
#2908=DIRECTION('ref_axis',(0.,1.,0.));
#2909=DIRECTION('',(0.,1.,0.));
#2910=DIRECTION('center_axis',(-1.,0.,0.));
#2911=DIRECTION('ref_axis',(0.,-0.707106781186548,0.707106781186548));
#2912=DIRECTION('',(0.,0.,1.));
#2913=DIRECTION('center_axis',(-1.,0.,0.));
#2914=DIRECTION('ref_axis',(0.,1.,0.));
#2915=DIRECTION('',(0.,-1.,0.));
#2916=DIRECTION('',(0.,-1.,0.));
#2917=DIRECTION('center_axis',(-1.,0.,0.));
#2918=DIRECTION('ref_axis',(0.,-1.,0.));
#2919=DIRECTION('',(0.,-1.,0.));
#2920=DIRECTION('center_axis',(0.,0.,1.));
#2921=DIRECTION('ref_axis',(1.,0.,0.));
#2922=DIRECTION('center_axis',(0.,0.,1.));
#2923=DIRECTION('ref_axis',(1.,0.,0.));
#2924=DIRECTION('',(0.,0.,1.));
#2925=DIRECTION('center_axis',(0.,0.,1.));
#2926=DIRECTION('ref_axis',(1.,0.,0.));
#2927=DIRECTION('center_axis',(0.,0.,-1.));
#2928=DIRECTION('ref_axis',(1.,0.,0.));
#2929=DIRECTION('center_axis',(0.,0.,1.));
#2930=DIRECTION('ref_axis',(1.,0.,0.));
#2931=DIRECTION('center_axis',(0.,0.,1.));
#2932=DIRECTION('ref_axis',(1.,0.,0.));
#2933=DIRECTION('',(0.,0.,1.));
#2934=DIRECTION('center_axis',(0.,0.,1.));
#2935=DIRECTION('ref_axis',(1.,0.,0.));
#2936=DIRECTION('center_axis',(0.,0.,-1.));
#2937=DIRECTION('ref_axis',(1.,0.,0.));
#2938=DIRECTION('center_axis',(0.,0.,1.));
#2939=DIRECTION('ref_axis',(1.,0.,0.));
#2940=DIRECTION('center_axis',(0.,0.,1.));
#2941=DIRECTION('ref_axis',(1.,0.,0.));
#2942=DIRECTION('',(0.,0.,1.));
#2943=DIRECTION('center_axis',(0.,0.,1.));
#2944=DIRECTION('ref_axis',(1.,0.,0.));
#2945=DIRECTION('center_axis',(0.,0.,-1.));
#2946=DIRECTION('ref_axis',(1.,0.,0.));
#2947=DIRECTION('center_axis',(0.,0.,1.));
#2948=DIRECTION('ref_axis',(1.,0.,0.));
#2949=DIRECTION('center_axis',(0.,0.,1.));
#2950=DIRECTION('ref_axis',(1.,0.,0.));
#2951=DIRECTION('',(0.,0.,1.));
#2952=DIRECTION('center_axis',(0.,0.,1.));
#2953=DIRECTION('ref_axis',(1.,0.,0.));
#2954=DIRECTION('center_axis',(0.,0.,-1.));
#2955=DIRECTION('ref_axis',(1.,0.,0.));
#2956=DIRECTION('center_axis',(0.,0.,1.));
#2957=DIRECTION('ref_axis',(1.,0.,0.));
#2958=DIRECTION('center_axis',(0.,0.,1.));
#2959=DIRECTION('ref_axis',(1.,0.,0.));
#2960=DIRECTION('',(0.,0.,1.));
#2961=DIRECTION('center_axis',(0.,0.,1.));
#2962=DIRECTION('ref_axis',(1.,0.,0.));
#2963=DIRECTION('center_axis',(0.,0.,-1.));
#2964=DIRECTION('ref_axis',(1.,0.,0.));
#2965=DIRECTION('center_axis',(0.,0.,1.));
#2966=DIRECTION('ref_axis',(1.,0.,0.));
#2967=DIRECTION('center_axis',(0.,0.,1.));
#2968=DIRECTION('ref_axis',(1.,0.,0.));
#2969=DIRECTION('',(0.,0.,1.));
#2970=DIRECTION('center_axis',(0.,0.,1.));
#2971=DIRECTION('ref_axis',(1.,0.,0.));
#2972=DIRECTION('center_axis',(0.,0.,-1.));
#2973=DIRECTION('ref_axis',(1.,0.,0.));
#2974=DIRECTION('center_axis',(0.,0.,-1.));
#2975=DIRECTION('ref_axis',(-1.,0.,0.));
#2976=DIRECTION('center_axis',(0.,0.,1.));
#2977=DIRECTION('ref_axis',(1.,0.,0.));
#2978=DIRECTION('center_axis',(0.,-1.,0.));
#2979=DIRECTION('ref_axis',(1.,0.,0.));
#2980=DIRECTION('center_axis',(0.,0.,-1.));
#2981=DIRECTION('ref_axis',(1.,0.,0.));
#2982=DIRECTION('center_axis',(0.,0.,1.));
#2983=DIRECTION('ref_axis',(1.,0.,0.));
#2984=DIRECTION('center_axis',(0.,0.,-1.));
#2985=DIRECTION('ref_axis',(-0.707106781186548,-0.707106781186548,0.));
#2986=DIRECTION('',(-1.,0.,0.));
#2987=DIRECTION('center_axis',(0.,0.,-1.));
#2988=DIRECTION('ref_axis',(0.707106781186549,-0.707106781186547,0.));
#2989=DIRECTION('',(0.,-1.,0.));
#2990=DIRECTION('center_axis',(0.,0.,-1.));
#2991=DIRECTION('ref_axis',(0.707106781186547,0.707106781186547,0.));
#2992=DIRECTION('',(1.,0.,0.));
#2993=DIRECTION('center_axis',(0.,0.,-1.));
#2994=DIRECTION('ref_axis',(-0.707106781186546,0.707106781186549,0.));
#2995=DIRECTION('',(0.,1.,0.));
#2996=DIRECTION('center_axis',(0.,0.,1.));
#2997=DIRECTION('ref_axis',(1.,0.,0.));
#2998=DIRECTION('center_axis',(0.,0.,1.));
#2999=DIRECTION('ref_axis',(1.,0.,0.));
#3000=DIRECTION('center_axis',(0.,0.,1.));
#3001=DIRECTION('ref_axis',(1.,0.,0.));
#3002=DIRECTION('center_axis',(0.,0.,-1.));
#3003=DIRECTION('ref_axis',(-1.,0.,0.));
#3004=DIRECTION('center_axis',(0.,-1.,0.));
#3005=DIRECTION('ref_axis',(1.,0.,0.));
#3006=DIRECTION('center_axis',(0.,0.,-1.));
#3007=DIRECTION('ref_axis',(1.,0.,0.));
#3008=DIRECTION('center_axis',(0.,0.,-1.));
#3009=DIRECTION('ref_axis',(-1.,0.,0.));
#3010=DIRECTION('center_axis',(0.,-1.,0.));
#3011=DIRECTION('ref_axis',(1.,0.,0.));
#3012=DIRECTION('center_axis',(0.,0.,-1.));
#3013=DIRECTION('ref_axis',(1.,0.,0.));
#3014=DIRECTION('center_axis',(0.,0.,-1.));
#3015=DIRECTION('ref_axis',(-1.,0.,0.));
#3016=DIRECTION('center_axis',(0.,-1.,0.));
#3017=DIRECTION('ref_axis',(1.,0.,0.));
#3018=DIRECTION('center_axis',(0.,0.,-1.));
#3019=DIRECTION('ref_axis',(1.,0.,0.));
#3020=DIRECTION('center_axis',(0.,0.,1.));
#3021=DIRECTION('ref_axis',(1.,0.,0.));
#3022=DIRECTION('center_axis',(0.,0.,1.));
#3023=DIRECTION('ref_axis',(0.,1.,0.));
#3024=DIRECTION('center_axis',(-1.,0.,0.));
#3025=DIRECTION('ref_axis',(0.,0.,1.));
#3026=DIRECTION('center_axis',(0.,-1.,0.));
#3027=DIRECTION('ref_axis',(1.,0.,0.));
#3028=DIRECTION('center_axis',(0.,0.,-1.));
#3029=DIRECTION('ref_axis',(-1.,0.,0.));
#3030=DIRECTION('center_axis',(1.,0.,0.));
#3031=DIRECTION('ref_axis',(0.,1.,0.));
#3032=DIRECTION('center_axis',(0.,0.,1.));
#3033=DIRECTION('ref_axis',(-1.,0.,0.));
#3034=DIRECTION('center_axis',(0.,-1.,0.));
#3035=DIRECTION('ref_axis',(0.,0.,1.));
#3036=DIRECTION('center_axis',(1.,0.,0.));
#3037=DIRECTION('ref_axis',(0.,0.707106781186546,0.707106781186549));
#3038=DIRECTION('',(-1.,0.,0.));
#3039=DIRECTION('center_axis',(0.,0.,-1.));
#3040=DIRECTION('ref_axis',(-0.707106781186547,0.707106781186547,0.));
#3041=DIRECTION('center_axis',(0.,0.,1.));
#3042=DIRECTION('ref_axis',(-0.707106781186547,0.707106781186547,0.));
#3043=DIRECTION('',(0.,0.,1.));
#3044=DIRECTION('',(0.,0.,-1.));
#3045=DIRECTION('center_axis',(0.,0.,-1.));
#3046=DIRECTION('ref_axis',(-1.,0.,0.));
#3047=DIRECTION('center_axis',(-1.,0.,0.));
#3048=DIRECTION('ref_axis',(0.,-1.,0.));
#3049=DIRECTION('center_axis',(0.,0.,1.));
#3050=DIRECTION('ref_axis',(1.,0.,0.));
#3051=DIRECTION('center_axis',(0.,1.,0.));
#3052=DIRECTION('ref_axis',(0.,0.,1.));
#3053=DIRECTION('center_axis',(0.,0.,-1.));
#3054=DIRECTION('ref_axis',(-1.,0.,0.));
#3055=DIRECTION('center_axis',(0.,1.,0.));
#3056=DIRECTION('ref_axis',(-1.,0.,0.));
#3057=DIRECTION('center_axis',(0.,0.,1.));
#3058=DIRECTION('ref_axis',(0.,-1.,0.));
#3059=DIRECTION('center_axis',(1.,0.,0.));
#3060=DIRECTION('ref_axis',(0.,0.,1.));
#3061=DIRECTION('center_axis',(0.,1.,0.));
#3062=DIRECTION('ref_axis',(-0.707106781186548,0.,0.707106781186548));
#3063=DIRECTION('',(0.,-1.,0.));
#3064=DIRECTION('center_axis',(0.,0.,-1.));
#3065=DIRECTION('ref_axis',(-0.707106781186547,-0.707106781186547,0.));
#3066=DIRECTION('center_axis',(0.,0.,1.));
#3067=DIRECTION('ref_axis',(-0.707106781186547,-0.707106781186547,0.));
#3068=DIRECTION('',(0.,0.,1.));
#3069=DIRECTION('',(0.,0.,-1.));
#3070=DIRECTION('center_axis',(-1.,0.,0.));
#3071=DIRECTION('ref_axis',(0.,-0.707106781186548,0.707106781186548));
#3072=DIRECTION('',(1.,0.,0.));
#3073=DIRECTION('center_axis',(0.,0.,-1.));
#3074=DIRECTION('ref_axis',(0.707106781186547,-0.707106781186547,0.));
#3075=DIRECTION('center_axis',(0.,0.,1.));
#3076=DIRECTION('ref_axis',(0.707106781186547,-0.707106781186547,0.));
#3077=DIRECTION('',(0.,0.,1.));
#3078=DIRECTION('',(0.,0.,-1.));
#3079=DIRECTION('center_axis',(0.,-1.,0.));
#3080=DIRECTION('ref_axis',(0.707106781186546,0.,0.707106781186549));
#3081=DIRECTION('',(0.,1.,0.));
#3082=DIRECTION('',(0.,1.,0.));
#3083=DIRECTION('',(0.,1.,0.));
#3084=DIRECTION('',(0.,1.,0.));
#3085=DIRECTION('',(0.,1.,0.));
#3086=DIRECTION('',(0.,1.,0.));
#3087=DIRECTION('',(0.,1.,0.));
#3088=DIRECTION('',(0.,1.,0.));
#3089=DIRECTION('',(0.,1.,0.));
#3090=DIRECTION('center_axis',(0.,0.,-1.));
#3091=DIRECTION('ref_axis',(0.707106781186547,0.707106781186547,0.));
#3092=DIRECTION('center_axis',(0.,0.,1.));
#3093=DIRECTION('ref_axis',(0.707106781186547,0.707106781186547,0.));
#3094=DIRECTION('',(0.,0.,1.));
#3095=DIRECTION('',(0.,0.,-1.));
#3096=DIRECTION('',(0.,0.,-1.));
#3097=DIRECTION('center_axis',(0.,-1.,0.));
#3098=DIRECTION('ref_axis',(-1.,0.,0.));
#3099=DIRECTION('',(-1.,0.,0.));
#3100=DIRECTION('center_axis',(0.,1.,0.));
#3101=DIRECTION('ref_axis',(-1.,0.,0.));
#3102=DIRECTION('center_axis',(-1.,0.,0.));
#3103=DIRECTION('ref_axis',(0.,1.,0.));
#3104=DIRECTION('',(0.,1.,0.));
#3105=DIRECTION('center_axis',(1.,0.,0.));
#3106=DIRECTION('ref_axis',(0.,-1.,0.));
#3107=DIRECTION('center_axis',(-1.,0.,0.));
#3108=DIRECTION('ref_axis',(0.,0.707106781186547,0.707106781186548));
#3109=DIRECTION('center_axis',(1.,0.,0.));
#3110=DIRECTION('ref_axis',(0.,-1.,0.));
#3111=DIRECTION('center_axis',(-1.,0.,0.));
#3112=DIRECTION('ref_axis',(0.,0.707106781186547,0.707106781186548));
#3113=DIRECTION('',(0.,0.,-1.));
#3114=DIRECTION('',(0.,-1.,0.));
#3115=DIRECTION('',(0.,0.,1.));
#3116=DIRECTION('center_axis',(-1.,0.,0.));
#3117=DIRECTION('ref_axis',(0.,-0.707106781186548,0.707106781186548));
#3118=DIRECTION('center_axis',(1.,0.,0.));
#3119=DIRECTION('ref_axis',(0.,-1.,0.));
#3120=DIRECTION('center_axis',(-1.,0.,0.));
#3121=DIRECTION('ref_axis',(0.,0.707106781186547,0.707106781186548));
#3122=DIRECTION('',(0.,0.,-1.));
#3123=DIRECTION('',(0.,-1.,0.));
#3124=DIRECTION('',(0.,0.,1.));
#3125=DIRECTION('center_axis',(-1.,0.,0.));
#3126=DIRECTION('ref_axis',(0.,-0.707106781186548,0.707106781186548));
#3127=DIRECTION('center_axis',(1.,0.,0.));
#3128=DIRECTION('ref_axis',(0.,-1.,0.));
#3129=DIRECTION('center_axis',(-1.,0.,0.));
#3130=DIRECTION('ref_axis',(0.,0.707106781186547,0.707106781186548));
#3131=DIRECTION('',(0.,0.,-1.));
#3132=DIRECTION('',(0.,-1.,0.));
#3133=DIRECTION('',(0.,0.,1.));
#3134=DIRECTION('center_axis',(-1.,0.,0.));
#3135=DIRECTION('ref_axis',(0.,-0.707106781186548,0.707106781186548));
#3136=DIRECTION('center_axis',(0.,1.,0.));
#3137=DIRECTION('ref_axis',(1.,0.,0.));
#3138=DIRECTION('',(1.,0.,0.));
#3139=DIRECTION('center_axis',(0.,-1.,0.));
#3140=DIRECTION('ref_axis',(-1.,0.,0.));
#3141=DIRECTION('center_axis',(0.,0.,-1.));
#3142=DIRECTION('ref_axis',(-1.,0.,0.));
#3143=DIRECTION('',(-1.,0.,0.));
#3144=DIRECTION('',(0.,-1.,0.));
#3145=DIRECTION('',(0.,-1.,0.));
#3146=DIRECTION('',(0.,-1.,0.));
#3147=DIRECTION('',(0.,-1.,0.));
#3148=DIRECTION('',(0.,-1.,0.));
#3149=DIRECTION('',(0.,-1.,0.));
#3150=DIRECTION('',(1.,0.,0.));
#3151=DIRECTION('',(0.,-1.,0.));
#3152=DIRECTION('',(-1.,0.,0.));
#3153=DIRECTION('center_axis',(0.,0.,1.));
#3154=DIRECTION('ref_axis',(-0.525731176765128,0.850650768398615,0.));
#3155=DIRECTION('center_axis',(0.,0.,1.));
#3156=DIRECTION('ref_axis',(1.,0.,0.));
#3157=DIRECTION('',(0.,0.,1.));
#3158=DIRECTION('center_axis',(0.,0.,1.));
#3159=DIRECTION('ref_axis',(1.,0.,0.));
#3160=DIRECTION('',(0.,0.,1.));
#3161=DIRECTION('center_axis',(-1.,0.,0.));
#3162=DIRECTION('ref_axis',(0.,-1.,0.));
#3163=DIRECTION('',(0.,0.,1.));
#3164=DIRECTION('center_axis',(-1.,0.,0.));
#3165=DIRECTION('ref_axis',(0.,-1.,0.));
#3166=DIRECTION('center_axis',(-1.,0.,0.));
#3167=DIRECTION('ref_axis',(0.,-1.,0.));
#3168=DIRECTION('center_axis',(1.,0.,0.));
#3169=DIRECTION('ref_axis',(0.,1.,0.));
#3170=DIRECTION('',(0.,0.,-1.));
#3171=DIRECTION('',(0.,0.,1.));
#3172=DIRECTION('',(0.,1.,0.));
#3173=DIRECTION('center_axis',(1.,0.,0.));
#3174=DIRECTION('ref_axis',(0.,1.,0.));
#3175=DIRECTION('',(0.,0.,-1.));
#3176=DIRECTION('',(0.,0.,1.));
#3177=DIRECTION('',(0.,1.,0.));
#3178=DIRECTION('center_axis',(1.,0.,0.));
#3179=DIRECTION('ref_axis',(0.,1.,0.));
#3180=DIRECTION('',(0.,0.,1.));
#3181=DIRECTION('',(0.,1.,0.));
#3182=DIRECTION('',(0.,0.,-1.));
#3183=DIRECTION('center_axis',(0.,1.,0.));
#3184=DIRECTION('ref_axis',(-1.,0.,0.));
#3185=DIRECTION('center_axis',(0.,-1.,0.));
#3186=DIRECTION('ref_axis',(1.,0.,0.));
#3187=DIRECTION('',(1.,0.,0.));
#3188=DIRECTION('',(1.,0.,0.));
#3189=DIRECTION('center_axis',(-1.48483693234184E-16,1.,0.));
#3190=DIRECTION('ref_axis',(-1.,-1.48483693234184E-16,0.));
#3191=DIRECTION('',(-1.,-1.48483693234184E-16,0.));
#3192=DIRECTION('center_axis',(0.,0.,1.));
#3193=DIRECTION('ref_axis',(-0.525731176765128,0.850650768398615,0.));
#3194=DIRECTION('',(0.,0.,-1.));
#3195=DIRECTION('center_axis',(0.,1.,0.));
#3196=DIRECTION('ref_axis',(-1.,0.,0.));
#3197=DIRECTION('',(-1.,0.,0.));
#3198=DIRECTION('',(-1.,0.,0.));
#3199=DIRECTION('center_axis',(0.,-1.,0.));
#3200=DIRECTION('ref_axis',(1.,0.,0.));
#3201=DIRECTION('',(1.,0.,0.));
#3202=DIRECTION('',(1.,0.,0.));
#3203=DIRECTION('center_axis',(-1.48483693234184E-16,1.,0.));
#3204=DIRECTION('ref_axis',(-1.,-1.48483693234184E-16,0.));
#3205=DIRECTION('',(-1.,-1.48483693234184E-16,0.));
#3206=DIRECTION('center_axis',(0.,0.,1.));
#3207=DIRECTION('ref_axis',(-0.525731176765128,0.850650768398615,0.));
#3208=DIRECTION('',(0.,0.,-1.));
#3209=DIRECTION('center_axis',(0.,1.,0.));
#3210=DIRECTION('ref_axis',(-1.,0.,0.));
#3211=DIRECTION('',(-1.,0.,0.));
#3212=DIRECTION('',(-1.,0.,0.));
#3213=DIRECTION('center_axis',(0.,0.,-1.));
#3214=DIRECTION('ref_axis',(-1.,0.,0.));
#3215=DIRECTION('center_axis',(0.,0.,-1.));
#3216=DIRECTION('ref_axis',(-1.,0.,0.));
#3217=DIRECTION('',(1.,0.,0.));
#3218=DIRECTION('center_axis',(0.,-1.,0.));
#3219=DIRECTION('ref_axis',(1.,0.,0.));
#3220=DIRECTION('',(1.,0.,0.));
#3221=DIRECTION('center_axis',(0.,0.,-1.));
#3222=DIRECTION('ref_axis',(-1.,0.,0.));
#3223=DIRECTION('',(-1.,0.,0.));
#3224=DIRECTION('center_axis',(0.,1.,0.));
#3225=DIRECTION('ref_axis',(-1.,0.,0.));
#3226=DIRECTION('',(0.,1.,0.));
#3227=DIRECTION('center_axis',(0.,1.,0.));
#3228=DIRECTION('ref_axis',(-1.,0.,0.));
#3229=DIRECTION('',(0.,1.,0.));
#3230=DIRECTION('center_axis',(0.,1.,0.));
#3231=DIRECTION('ref_axis',(-1.,0.,0.));
#3232=DIRECTION('',(0.,1.,0.));
#3233=DIRECTION('center_axis',(0.,1.,0.));
#3234=DIRECTION('ref_axis',(-1.,0.,0.));
#3235=DIRECTION('',(0.,1.,0.));
#3236=DIRECTION('center_axis',(0.,1.,0.));
#3237=DIRECTION('ref_axis',(-1.,0.,0.));
#3238=DIRECTION('',(0.,1.,0.));
#3239=DIRECTION('center_axis',(0.,-1.,0.));
#3240=DIRECTION('ref_axis',(1.,0.,0.));
#3241=DIRECTION('',(0.,0.,1.));
#3242=DIRECTION('',(1.,0.,0.));
#3243=DIRECTION('center_axis',(1.,0.,0.));
#3244=DIRECTION('ref_axis',(0.,-0.707106781186548,0.707106781186548));
#3245=DIRECTION('center_axis',(-1.,0.,0.));
#3246=DIRECTION('ref_axis',(0.,-0.707106781186548,0.707106781186548));
#3247=DIRECTION('',(-1.,0.,0.));
#3248=DIRECTION('center_axis',(0.,0.,1.));
#3249=DIRECTION('ref_axis',(1.,0.,0.));
#3250=DIRECTION('',(0.,1.,0.));
#3251=DIRECTION('',(-1.,-1.48483693234184E-16,0.));
#3252=DIRECTION('',(1.,0.,0.));
#3253=DIRECTION('center_axis',(-1.,0.,0.));
#3254=DIRECTION('ref_axis',(0.,0.707106781186547,0.707106781186548));
#3255=DIRECTION('',(-1.,0.,0.));
#3256=DIRECTION('center_axis',(0.,1.,0.));
#3257=DIRECTION('ref_axis',(-1.,0.,0.));
#3258=DIRECTION('',(0.,0.,-1.));
#3259=DIRECTION('center_axis',(0.,0.,1.));
#3260=DIRECTION('ref_axis',(-0.525731176765128,0.850650768398615,0.));
#3261=DIRECTION('center_axis',(0.,-1.,0.));
#3262=DIRECTION('ref_axis',(-0.707106781186547,0.,0.707106781186548));
#3263=DIRECTION('center_axis',(-1.48483693234184E-16,1.,0.));
#3264=DIRECTION('ref_axis',(-1.,-1.48483693234184E-16,0.));
#3265=DIRECTION('center_axis',(1.,0.,0.));
#3266=DIRECTION('ref_axis',(0.,-1.,0.));
#3267=DIRECTION('center_axis',(1.,0.,0.));
#3268=DIRECTION('ref_axis',(0.,-0.707106781186548,0.707106781186548));
#3269=DIRECTION('',(-1.,0.,0.));
#3270=DIRECTION('center_axis',(0.,0.,1.));
#3271=DIRECTION('ref_axis',(1.,0.,0.));
#3272=DIRECTION('',(0.,1.,0.));
#3273=DIRECTION('',(1.,0.,0.));
#3274=DIRECTION('center_axis',(-1.,0.,0.));
#3275=DIRECTION('ref_axis',(0.,0.707106781186547,0.707106781186548));
#3276=DIRECTION('center_axis',(0.,-1.,0.));
#3277=DIRECTION('ref_axis',(-0.707106781186547,0.,0.707106781186548));
#3278=DIRECTION('',(0.,-1.,0.));
#3279=DIRECTION('center_axis',(-1.,0.,0.));
#3280=DIRECTION('ref_axis',(0.,-1.,0.));
#3281=DIRECTION('center_axis',(1.,0.,0.));
#3282=DIRECTION('ref_axis',(0.,-0.707106781186548,0.707106781186548));
#3283=DIRECTION('',(-1.,0.,0.));
#3284=DIRECTION('center_axis',(0.,0.,1.));
#3285=DIRECTION('ref_axis',(1.,0.,0.));
#3286=DIRECTION('',(0.,1.,0.));
#3287=DIRECTION('',(1.,0.,0.));
#3288=DIRECTION('center_axis',(-1.,0.,0.));
#3289=DIRECTION('ref_axis',(0.,0.707106781186547,0.707106781186548));
#3290=DIRECTION('center_axis',(0.,-1.,0.));
#3291=DIRECTION('ref_axis',(-0.707106781186547,0.,0.707106781186548));
#3292=DIRECTION('',(0.,-1.,0.));
#3293=DIRECTION('center_axis',(-1.,0.,0.));
#3294=DIRECTION('ref_axis',(0.,-1.,0.));
#3295=DIRECTION('center_axis',(1.,0.,0.));
#3296=DIRECTION('ref_axis',(0.,-0.707106781186548,0.707106781186548));
#3297=DIRECTION('',(-1.,0.,0.));
#3298=DIRECTION('center_axis',(0.,0.,1.));
#3299=DIRECTION('ref_axis',(1.,0.,0.));
#3300=DIRECTION('',(0.,1.,0.));
#3301=DIRECTION('',(1.,0.,0.));
#3302=DIRECTION('center_axis',(-1.,0.,0.));
#3303=DIRECTION('ref_axis',(0.,0.707106781186547,0.707106781186548));
#3304=DIRECTION('',(-1.,0.,0.));
#3305=DIRECTION('center_axis',(0.,1.,0.));
#3306=DIRECTION('ref_axis',(-1.,0.,0.));
#3307=DIRECTION('',(0.,0.,-1.));
#3308=DIRECTION('center_axis',(0.,0.,1.));
#3309=DIRECTION('ref_axis',(-0.525731176765128,0.850650768398615,0.));
#3310=DIRECTION('center_axis',(0.,-1.,0.));
#3311=DIRECTION('ref_axis',(-0.707106781186547,0.,0.707106781186548));
#3312=DIRECTION('',(0.,-1.,0.));
#3313=DIRECTION('center_axis',(-1.,0.,0.));
#3314=DIRECTION('ref_axis',(0.,-1.,0.));
#3315=CARTESIAN_POINT('',(0.,0.,0.));
#3316=CARTESIAN_POINT('Origin',(53.8677831364416,23.45,0.));
#3317=CARTESIAN_POINT('',(53.8677831364416,20.45,2.22044604925031E-15));
#3318=CARTESIAN_POINT('',(56.5510649133598,22.1083596213371,2.22044604925031E-15));
#3319=CARTESIAN_POINT('Origin',(53.8677831364416,23.45,2.22044604925031E-15));
#3320=CARTESIAN_POINT('',(56.5510649133598,22.1083596213371,23.));
#3321=CARTESIAN_POINT('',(56.5510649133598,22.1083596213371,0.));
#3322=CARTESIAN_POINT('',(53.8677831364416,20.45,23.));
#3323=CARTESIAN_POINT('Origin',(53.8677831364416,23.45,23.));
#3324=CARTESIAN_POINT('',(53.8677831364416,20.45,0.));
#3325=CARTESIAN_POINT('Origin',(57.7218846578035,24.45,0.));
#3326=CARTESIAN_POINT('',(57.4454914926044,23.8972134595543,2.22044604925031E-15));
#3327=CARTESIAN_POINT('',(60.5148236398376,30.0358800865888,2.22044604925031E-15));
#3328=CARTESIAN_POINT('',(57.4454914926044,23.8972134595543,22.3804250079178));
#3329=CARTESIAN_POINT('',(57.4454914926044,23.8972134595543,2.));
#3330=CARTESIAN_POINT('',(56.7218850377831,22.45,23.));
#3331=CARTESIAN_POINT('Origin',(56.7218850377831,22.45,21.));
#3332=CARTESIAN_POINT('',(57.7218846578035,24.45,23.));
#3333=CARTESIAN_POINT('Origin',(36.5512728013065,49.,2.22044604925031E-15));
#3334=CARTESIAN_POINT('',(25.8136038969321,20.45,2.22044604925031E-15));
#3335=CARTESIAN_POINT('',(46.1365791095346,20.45,2.22044604925031E-15));
#3336=CARTESIAN_POINT('',(22.7425360850666,17.3789321881345,2.22044604925031E-15));
#3337=CARTESIAN_POINT('',(35.6355211230257,30.2719172260936,2.22044604925031E-15));
#3338=CARTESIAN_POINT('',(15.6714682732012,14.45,2.22044604925031E-15));
#3339=CARTESIAN_POINT('Origin',(15.6714682732012,24.45,2.22044604925031E-15));
#3340=CARTESIAN_POINT('',(10.5512728013065,14.45,0.));
#3341=CARTESIAN_POINT('',(28.1824383491193,14.45,2.22044604925031E-15));
#3342=CARTESIAN_POINT('',(10.5512728013065,26.55,2.22044604925031E-15));
#3343=CARTESIAN_POINT('',(10.5512728013065,85.,2.22044604925031E-15));
#3344=CARTESIAN_POINT('',(58.45,26.55,2.22044604925031E-15));
#3345=CARTESIAN_POINT('',(20.5506364006533,26.55,2.22044604925031E-15));
#3346=CARTESIAN_POINT('',(58.45,32.55,2.22044604925031E-15));
#3347=CARTESIAN_POINT('',(58.45,37.775,2.22044604925031E-15));
#3348=CARTESIAN_POINT('',(62.5512728013065,32.55,2.22044604925031E-15));
#3349=CARTESIAN_POINT('',(47.5006364006533,32.55,2.22044604925031E-15));
#3350=CARTESIAN_POINT('',(62.5512728013065,24.45,2.22044604925031E-15));
#3351=CARTESIAN_POINT('',(62.5512728013065,13.,2.22044604925031E-15));
#3352=CARTESIAN_POINT('',(58.3399187515772,24.45,2.22044604925031E-15));
#3353=CARTESIAN_POINT('',(57.0006364006533,24.45,2.22044604925031E-15));
#3354=CARTESIAN_POINT('Origin',(58.3399187515772,23.45,2.22044604925031E-15));
#3355=CARTESIAN_POINT('',(12.5012728013065,15.5,2.22044604925031E-15));
#3356=CARTESIAN_POINT('Origin',(13.0512728013065,15.5,2.22044604925031E-15));
#3357=CARTESIAN_POINT('Origin',(53.8677831364416,45.45,0.));
#3358=CARTESIAN_POINT('',(53.8677831364416,42.45,2.22044604925031E-15));
#3359=CARTESIAN_POINT('',(56.5510649133598,44.1083596213371,2.22044604925031E-15));
#3360=CARTESIAN_POINT('Origin',(53.8677831364416,45.45,2.22044604925031E-15));
#3361=CARTESIAN_POINT('',(56.5510649133598,44.1083596213371,23.));
#3362=CARTESIAN_POINT('',(56.5510649133598,44.1083596213371,0.));
#3363=CARTESIAN_POINT('',(53.8677831364416,42.45,23.));
#3364=CARTESIAN_POINT('Origin',(53.8677831364416,45.45,23.));
#3365=CARTESIAN_POINT('',(53.8677831364416,42.45,0.));
#3366=CARTESIAN_POINT('Origin',(57.7218846578035,46.45,0.));
#3367=CARTESIAN_POINT('',(57.4454914926044,45.8972134595543,2.22044604925031E-15));
#3368=CARTESIAN_POINT('',(56.114824642984,43.2358787490606,2.22044604925031E-15));
#3369=CARTESIAN_POINT('',(57.4454914926044,45.8972134595543,22.3804250079178));
#3370=CARTESIAN_POINT('',(57.4454914926044,45.8972134595543,2.));
#3371=CARTESIAN_POINT('',(56.7218850377831,44.45,23.));
#3372=CARTESIAN_POINT('Origin',(56.7218850377831,44.45,21.));
#3373=CARTESIAN_POINT('',(57.7218846578035,46.45,23.));
#3374=CARTESIAN_POINT('Origin',(36.5512728013065,49.,2.22044604925031E-15));
#3375=CARTESIAN_POINT('',(25.8136038969321,42.45,2.22044604925031E-15));
#3376=CARTESIAN_POINT('',(46.1365791095346,42.45,2.22044604925031E-15));
#3377=CARTESIAN_POINT('',(22.7425360850666,39.3789321881345,2.22044604925031E-15));
#3378=CARTESIAN_POINT('',(30.1355211230257,46.7719172260936,2.22044604925031E-15));
#3379=CARTESIAN_POINT('',(15.6714682732012,36.45,2.22044604925031E-15));
#3380=CARTESIAN_POINT('Origin',(15.6714682732012,46.45,2.22044604925031E-15));
#3381=CARTESIAN_POINT('',(10.5512728013065,36.45,2.22044604925031E-15));
#3382=CARTESIAN_POINT('',(28.1824383491193,36.45,2.22044604925031E-15));
#3383=CARTESIAN_POINT('',(10.5512728013065,48.55,2.22044604925031E-15));
#3384=CARTESIAN_POINT('',(10.5512728013065,85.,2.22044604925031E-15));
#3385=CARTESIAN_POINT('',(58.45,48.55,2.22044604925031E-15));
#3386=CARTESIAN_POINT('',(20.5506364006533,48.55,2.22044604925031E-15));
#3387=CARTESIAN_POINT('',(58.45,54.55,2.22044604925031E-15));
#3388=CARTESIAN_POINT('',(58.45,48.775,2.22044604925031E-15));
#3389=CARTESIAN_POINT('',(62.5512728013065,54.55,2.22044604925031E-15));
#3390=CARTESIAN_POINT('',(47.5006364006533,54.55,2.22044604925031E-15));
#3391=CARTESIAN_POINT('',(62.5512728013065,46.45,2.22044604925031E-15));
#3392=CARTESIAN_POINT('',(62.5512728013065,13.,2.22044604925031E-15));
#3393=CARTESIAN_POINT('',(58.3399187515772,46.45,2.22044604925031E-15));
#3394=CARTESIAN_POINT('',(57.0006364006533,46.45,2.22044604925031E-15));
#3395=CARTESIAN_POINT('Origin',(58.3399187515772,45.45,2.22044604925031E-15));
#3396=CARTESIAN_POINT('Origin',(53.8677831364416,67.45,0.));
#3397=CARTESIAN_POINT('',(53.8677831364416,64.45,2.22044604925031E-15));
#3398=CARTESIAN_POINT('',(56.5510649133598,66.1083596213371,2.22044604925031E-15));
#3399=CARTESIAN_POINT('Origin',(53.8677831364416,67.45,2.22044604925031E-15));
#3400=CARTESIAN_POINT('',(56.5510649133598,66.1083596213371,23.));
#3401=CARTESIAN_POINT('',(56.5510649133598,66.1083596213371,0.));
#3402=CARTESIAN_POINT('',(53.8677831364416,64.45,23.));
#3403=CARTESIAN_POINT('Origin',(53.8677831364416,67.45,23.));
#3404=CARTESIAN_POINT('',(53.8677831364416,64.45,0.));
#3405=CARTESIAN_POINT('Origin',(57.7218846578035,68.45,0.));
#3406=CARTESIAN_POINT('',(57.4454914926044,67.8972134595543,2.22044604925031E-15));
#3407=CARTESIAN_POINT('',(51.7148256461305,56.4358774115325,2.22044604925031E-15));
#3408=CARTESIAN_POINT('',(57.4454914926044,67.8972134595543,22.3804250079178));
#3409=CARTESIAN_POINT('',(57.4454914926044,67.8972134595543,2.));
#3410=CARTESIAN_POINT('',(56.7218850377831,66.45,23.));
#3411=CARTESIAN_POINT('Origin',(56.7218850377831,66.45,21.));
#3412=CARTESIAN_POINT('',(57.7218846578035,68.45,23.));
#3413=CARTESIAN_POINT('Origin',(36.5512728013065,49.,2.22044604925031E-15));
#3414=CARTESIAN_POINT('',(25.8136038969321,64.45,2.22044604925031E-15));
#3415=CARTESIAN_POINT('',(46.1365791095346,64.45,2.22044604925031E-15));
#3416=CARTESIAN_POINT('',(22.7425360850666,61.3789321881345,2.22044604925031E-15));
#3417=CARTESIAN_POINT('',(24.6355211230257,63.2719172260936,2.22044604925031E-15));
#3418=CARTESIAN_POINT('',(15.6714682732012,58.45,2.22044604925031E-15));
#3419=CARTESIAN_POINT('Origin',(15.6714682732012,68.45,2.22044604925031E-15));
#3420=CARTESIAN_POINT('',(10.5512728013065,58.45,2.22044604925031E-15));
#3421=CARTESIAN_POINT('',(28.1824383491193,58.45,2.22044604925031E-15));
#3422=CARTESIAN_POINT('',(10.5512728013065,70.55,2.22044604925031E-15));
#3423=CARTESIAN_POINT('',(10.5512728013065,85.,2.22044604925031E-15));
#3424=CARTESIAN_POINT('',(58.45,70.55,2.22044604925031E-15));
#3425=CARTESIAN_POINT('',(20.5506364006533,70.55,2.22044604925031E-15));
#3426=CARTESIAN_POINT('',(58.45,76.55,2.22044604925031E-15));
#3427=CARTESIAN_POINT('',(58.45,59.775,2.22044604925031E-15));
#3428=CARTESIAN_POINT('',(62.5512728013065,76.55,2.22044604925031E-15));
#3429=CARTESIAN_POINT('',(47.5006364006533,76.55,2.22044604925031E-15));
#3430=CARTESIAN_POINT('',(62.5512728013065,68.45,2.22044604925031E-15));
#3431=CARTESIAN_POINT('',(62.5512728013065,13.,2.22044604925031E-15));
#3432=CARTESIAN_POINT('',(58.3399187515772,68.45,2.22044604925031E-15));
#3433=CARTESIAN_POINT('',(57.0006364006533,68.45,2.22044604925031E-15));
#3434=CARTESIAN_POINT('Origin',(58.3399187515772,67.45,2.22044604925031E-15));
#3435=CARTESIAN_POINT('Origin',(53.8677831364416,89.45,0.));
#3436=CARTESIAN_POINT('',(53.8677831364416,86.45,-3.));
#3437=CARTESIAN_POINT('',(56.5510649133598,88.1083596213371,-3.));
#3438=CARTESIAN_POINT('Origin',(53.8677831364416,89.45,-3.));
#3439=CARTESIAN_POINT('',(56.5510649133598,88.1083596213371,23.));
#3440=CARTESIAN_POINT('',(56.5510649133598,88.1083596213371,0.));
#3441=CARTESIAN_POINT('',(53.8677831364416,86.45,23.));
#3442=CARTESIAN_POINT('Origin',(53.8677831364416,89.45,23.));
#3443=CARTESIAN_POINT('',(53.8677831364416,86.45,0.));
#3444=CARTESIAN_POINT('Origin',(55.7218854177627,86.45,0.));
#3445=CARTESIAN_POINT('',(25.8136038969321,86.45,23.));
#3446=CARTESIAN_POINT('',(55.7218854177627,86.45,23.));
#3447=CARTESIAN_POINT('',(25.8136038969321,86.45,-3.));
#3448=CARTESIAN_POINT('',(25.8136038969321,86.45,0.));
#3449=CARTESIAN_POINT('',(45.3609427088813,86.45,-3.));
#3450=CARTESIAN_POINT('Origin',(15.6714682732012,24.45,0.));
#3451=CARTESIAN_POINT('',(15.6714682732012,14.45,13.9871182652378));
#3452=CARTESIAN_POINT('',(16.65,14.4979913756243,11.5));
#3453=CARTESIAN_POINT('Ctrl Pts',(15.6714682732012,14.45,13.9871182652378));
#3454=CARTESIAN_POINT('Ctrl Pts',(15.9569289910086,14.45,13.6804986478571));
#3455=CARTESIAN_POINT('Ctrl Pts',(16.2017813359286,14.4626424678279,13.306603465936));
#3456=CARTESIAN_POINT('Ctrl Pts',(16.557715631771,14.487577723584,12.4504994575371));
#3457=CARTESIAN_POINT('Ctrl Pts',(16.65,14.4979913756243,11.9601082652514));
#3458=CARTESIAN_POINT('Ctrl Pts',(16.65,14.4979913756243,11.5));
#3459=CARTESIAN_POINT('',(15.6714682732012,14.45,9.01288173476217));
#3460=CARTESIAN_POINT('Ctrl Pts',(16.65,14.4979913756243,11.5));
#3461=CARTESIAN_POINT('Ctrl Pts',(16.65,14.4979913756243,11.0398917347486));
#3462=CARTESIAN_POINT('Ctrl Pts',(16.557715631771,14.487577723584,10.5495005424629));
#3463=CARTESIAN_POINT('Ctrl Pts',(16.2017813359286,14.4626424678279,9.69339653406397));
#3464=CARTESIAN_POINT('Ctrl Pts',(15.9569289910086,14.45,9.31950135214286));
#3465=CARTESIAN_POINT('Ctrl Pts',(15.6714682732012,14.45,9.01288173476217));
#3466=CARTESIAN_POINT('',(15.6714682732012,14.45,0.));
#3467=CARTESIAN_POINT('',(22.7425360850666,17.3789321881345,23.));
#3468=CARTESIAN_POINT('',(22.7425360850666,17.3789321881345,0.));
#3469=CARTESIAN_POINT('',(15.6714682732012,14.45,23.));
#3470=CARTESIAN_POINT('Origin',(15.6714682732012,24.45,23.));
#3471=CARTESIAN_POINT('',(15.6714682732012,14.45,0.));
#3472=CARTESIAN_POINT('Origin',(25.8136038969321,20.45,0.));
#3473=CARTESIAN_POINT('',(25.8136038969321,20.45,23.));
#3474=CARTESIAN_POINT('',(25.8136038969321,20.45,0.));
#3475=CARTESIAN_POINT('',(19.8136038969321,14.45,23.));
#3476=CARTESIAN_POINT('Origin',(15.6714682732012,90.45,0.));
#3477=CARTESIAN_POINT('',(15.6714682732012,80.45,13.9871182652378));
#3478=CARTESIAN_POINT('',(16.65,80.4979913756243,11.5));
#3479=CARTESIAN_POINT('Ctrl Pts',(15.6714682732012,80.45,13.9871182652378));
#3480=CARTESIAN_POINT('Ctrl Pts',(15.9569289910086,80.45,13.6804986478571));
#3481=CARTESIAN_POINT('Ctrl Pts',(16.2017813359286,80.4626424678279,13.306603465936));
#3482=CARTESIAN_POINT('Ctrl Pts',(16.557715631771,80.487577723584,12.4504994575371));
#3483=CARTESIAN_POINT('Ctrl Pts',(16.65,80.4979913756243,11.9601082652514));
#3484=CARTESIAN_POINT('Ctrl Pts',(16.65,80.4979913756243,11.5));
#3485=CARTESIAN_POINT('',(15.6714682732012,80.45,9.01288173476219));
#3486=CARTESIAN_POINT('Ctrl Pts',(16.65,80.4979913756243,11.5));
#3487=CARTESIAN_POINT('Ctrl Pts',(16.65,80.4979913756243,11.0398917347486));
#3488=CARTESIAN_POINT('Ctrl Pts',(16.557715631771,80.487577723584,10.5495005424629));
#3489=CARTESIAN_POINT('Ctrl Pts',(16.2017813359286,80.4626424678279,9.69339653406398));
#3490=CARTESIAN_POINT('Ctrl Pts',(15.9569289910086,80.45,9.31950135214288));
#3491=CARTESIAN_POINT('Ctrl Pts',(15.6714682732012,80.45,9.01288173476219));
#3492=CARTESIAN_POINT('',(15.6714682732012,80.45,2.22044604925031E-15));
#3493=CARTESIAN_POINT('',(15.6714682732012,80.45,0.));
#3494=CARTESIAN_POINT('',(22.7425360850666,83.3789321881345,2.22044604925031E-15));
#3495=CARTESIAN_POINT('Origin',(15.6714682732012,90.45,2.22044604925031E-15));
#3496=CARTESIAN_POINT('',(22.7425360850666,83.3789321881345,23.));
#3497=CARTESIAN_POINT('',(22.7425360850666,83.3789321881345,0.));
#3498=CARTESIAN_POINT('',(15.6714682732012,80.45,23.));
#3499=CARTESIAN_POINT('Origin',(15.6714682732012,90.45,23.));
#3500=CARTESIAN_POINT('',(15.6714682732012,80.45,0.));
#3501=CARTESIAN_POINT('Origin',(25.8136038969321,86.45,0.));
#3502=CARTESIAN_POINT('',(24.3636038969321,85.,2.22044604925031E-15));
#3503=CARTESIAN_POINT('',(19.1355211230257,79.7719172260936,2.22044604925031E-15));
#3504=CARTESIAN_POINT('',(24.3636038969321,85.,-3.));
#3505=CARTESIAN_POINT('',(24.3636038969321,85.,-1.5));
#3506=CARTESIAN_POINT('',(18.3727029226991,79.009099025767,-3.));
#3507=CARTESIAN_POINT('',(19.8136038969321,80.45,23.));
#3508=CARTESIAN_POINT('Origin',(36.5512728013065,49.,2.22044604925031E-15));
#3509=CARTESIAN_POINT('',(10.5512728013065,80.45,2.22044604925031E-15));
#3510=CARTESIAN_POINT('',(28.1824383491193,80.45,2.22044604925031E-15));
#3511=CARTESIAN_POINT('',(10.5512728013065,85.,2.22044604925031E-15));
#3512=CARTESIAN_POINT('',(10.5512728013065,85.,2.22044604925031E-15));
#3513=CARTESIAN_POINT('',(62.5512728013065,85.,2.22044604925031E-15));
#3514=CARTESIAN_POINT('',(12.5012728013065,82.5,2.22044604925031E-15));
#3515=CARTESIAN_POINT('Origin',(13.0512728013065,82.5,2.22044604925031E-15));
#3516=CARTESIAN_POINT('Origin',(15.6714682732012,68.45,0.));
#3517=CARTESIAN_POINT('',(15.6714682732012,58.45,13.9871182652378));
#3518=CARTESIAN_POINT('',(16.65,58.4979913756243,11.5));
#3519=CARTESIAN_POINT('Ctrl Pts',(15.6714682732012,58.45,13.9871182652378));
#3520=CARTESIAN_POINT('Ctrl Pts',(15.9569289910086,58.45,13.6804986478571));
#3521=CARTESIAN_POINT('Ctrl Pts',(16.2017813359286,58.4626424678279,13.306603465936));
#3522=CARTESIAN_POINT('Ctrl Pts',(16.557715631771,58.487577723584,12.4504994575371));
#3523=CARTESIAN_POINT('Ctrl Pts',(16.65,58.4979913756243,11.9601082652514));
#3524=CARTESIAN_POINT('Ctrl Pts',(16.65,58.4979913756243,11.5));
#3525=CARTESIAN_POINT('',(15.6714682732012,58.45,9.01288173476217));
#3526=CARTESIAN_POINT('Ctrl Pts',(16.65,58.4979913756243,11.5));
#3527=CARTESIAN_POINT('Ctrl Pts',(16.65,58.4979913756243,11.0398917347486));
#3528=CARTESIAN_POINT('Ctrl Pts',(16.557715631771,58.487577723584,10.5495005424629));
#3529=CARTESIAN_POINT('Ctrl Pts',(16.2017813359286,58.4626424678279,9.69339653406397));
#3530=CARTESIAN_POINT('Ctrl Pts',(15.9569289910086,58.45,9.31950135214286));
#3531=CARTESIAN_POINT('Ctrl Pts',(15.6714682732012,58.45,9.01288173476217));
#3532=CARTESIAN_POINT('',(15.6714682732012,58.45,0.));
#3533=CARTESIAN_POINT('',(22.7425360850666,61.3789321881345,23.));
#3534=CARTESIAN_POINT('',(22.7425360850666,61.3789321881345,0.));
#3535=CARTESIAN_POINT('',(15.6714682732012,58.45,23.));
#3536=CARTESIAN_POINT('Origin',(15.6714682732012,68.45,23.));
#3537=CARTESIAN_POINT('',(15.6714682732012,58.45,0.));
#3538=CARTESIAN_POINT('Origin',(25.8136038969321,64.45,0.));
#3539=CARTESIAN_POINT('',(25.8136038969321,64.45,23.));
#3540=CARTESIAN_POINT('',(25.8136038969321,64.45,0.));
#3541=CARTESIAN_POINT('',(19.8136038969321,58.45,23.));
#3542=CARTESIAN_POINT('Origin',(15.6714682732012,46.45,0.));
#3543=CARTESIAN_POINT('',(15.6714682732012,36.45,13.9871182652378));
#3544=CARTESIAN_POINT('',(16.65,36.4979913756243,11.5));
#3545=CARTESIAN_POINT('Ctrl Pts',(15.6714682732012,36.45,13.9871182652378));
#3546=CARTESIAN_POINT('Ctrl Pts',(15.9569289910086,36.45,13.6804986478571));
#3547=CARTESIAN_POINT('Ctrl Pts',(16.2017813359286,36.4626424678279,13.306603465936));
#3548=CARTESIAN_POINT('Ctrl Pts',(16.557715631771,36.487577723584,12.4504994575371));
#3549=CARTESIAN_POINT('Ctrl Pts',(16.65,36.4979913756243,11.9601082652514));
#3550=CARTESIAN_POINT('Ctrl Pts',(16.65,36.4979913756243,11.5));
#3551=CARTESIAN_POINT('',(15.6714682732012,36.45,9.01288173476217));
#3552=CARTESIAN_POINT('Ctrl Pts',(16.65,36.4979913756243,11.5));
#3553=CARTESIAN_POINT('Ctrl Pts',(16.65,36.4979913756243,11.0398917347486));
#3554=CARTESIAN_POINT('Ctrl Pts',(16.557715631771,36.487577723584,10.5495005424629));
#3555=CARTESIAN_POINT('Ctrl Pts',(16.2017813359286,36.4626424678279,9.69339653406397));
#3556=CARTESIAN_POINT('Ctrl Pts',(15.9569289910086,36.45,9.31950135214286));
#3557=CARTESIAN_POINT('Ctrl Pts',(15.6714682732012,36.45,9.01288173476217));
#3558=CARTESIAN_POINT('',(15.6714682732012,36.45,0.));
#3559=CARTESIAN_POINT('',(22.7425360850666,39.3789321881345,23.));
#3560=CARTESIAN_POINT('',(22.7425360850666,39.3789321881345,0.));
#3561=CARTESIAN_POINT('',(15.6714682732012,36.45,23.));
#3562=CARTESIAN_POINT('Origin',(15.6714682732012,46.45,23.));
#3563=CARTESIAN_POINT('',(15.6714682732012,36.45,0.));
#3564=CARTESIAN_POINT('Origin',(25.8136038969321,42.45,0.));
#3565=CARTESIAN_POINT('',(25.8136038969321,42.45,23.));
#3566=CARTESIAN_POINT('',(25.8136038969321,42.45,0.));
#3567=CARTESIAN_POINT('',(19.8136038969321,36.45,23.));
#3568=CARTESIAN_POINT('Origin',(19.8136038969321,14.45,0.));
#3569=CARTESIAN_POINT('',(12.55,14.45,23.));
#3570=CARTESIAN_POINT('',(4.55,14.45,23.));
#3571=CARTESIAN_POINT('',(4.55,14.45,15.));
#3572=CARTESIAN_POINT('Origin',(12.55,14.45,15.));
#3573=CARTESIAN_POINT('',(4.55,14.45,-3.));
#3574=CARTESIAN_POINT('',(4.55,14.45,0.));
#3575=CARTESIAN_POINT('',(10.5512728013065,14.45,-3.));
#3576=CARTESIAN_POINT('',(19.775,14.45,-3.));
#3577=CARTESIAN_POINT('',(10.5512728013065,14.45,-1.5));
#3578=CARTESIAN_POINT('Origin',(13.,14.45,11.5));
#3579=CARTESIAN_POINT('Origin',(4.55,4.55,0.));
#3580=CARTESIAN_POINT('',(12.55,4.55,23.));
#3581=CARTESIAN_POINT('',(58.45,4.55,23.));
#3582=CARTESIAN_POINT('',(4.55,4.55,23.));
#3583=CARTESIAN_POINT('',(58.45,4.55,-3.));
#3584=CARTESIAN_POINT('',(58.45,4.55,0.));
#3585=CARTESIAN_POINT('',(4.55,4.55,-3.));
#3586=CARTESIAN_POINT('',(46.725,4.55,-3.));
#3587=CARTESIAN_POINT('',(4.55,4.55,15.));
#3588=CARTESIAN_POINT('',(4.55,4.55,0.));
#3589=CARTESIAN_POINT('Origin',(12.55,4.55,15.));
#3590=CARTESIAN_POINT('',(16.65,4.55,11.5));
#3591=CARTESIAN_POINT('Origin',(13.,4.55,11.5));
#3592=CARTESIAN_POINT('Origin',(19.8136038969321,36.45,0.));
#3593=CARTESIAN_POINT('',(12.55,36.45,23.));
#3594=CARTESIAN_POINT('',(4.55,36.45,23.));
#3595=CARTESIAN_POINT('',(4.55,36.45,15.));
#3596=CARTESIAN_POINT('Origin',(12.55,36.45,15.));
#3597=CARTESIAN_POINT('',(4.55,36.45,-3.));
#3598=CARTESIAN_POINT('',(4.55,36.45,0.));
#3599=CARTESIAN_POINT('',(10.5512728013065,36.45,-3.));
#3600=CARTESIAN_POINT('',(27.4068019484661,36.45,-3.));
#3601=CARTESIAN_POINT('',(10.5512728013065,36.45,-1.5));
#3602=CARTESIAN_POINT('Origin',(13.,36.45,11.5));
#3603=CARTESIAN_POINT('Origin',(19.8136038969321,58.45,0.));
#3604=CARTESIAN_POINT('',(12.55,58.45,23.));
#3605=CARTESIAN_POINT('',(4.55,58.45,23.));
#3606=CARTESIAN_POINT('',(4.55,58.45,15.));
#3607=CARTESIAN_POINT('Origin',(12.55,58.45,15.));
#3608=CARTESIAN_POINT('',(4.55,58.45,-3.));
#3609=CARTESIAN_POINT('',(4.55,58.45,0.));
#3610=CARTESIAN_POINT('',(10.5512728013065,58.45,-3.));
#3611=CARTESIAN_POINT('',(27.4068019484661,58.45,-3.));
#3612=CARTESIAN_POINT('',(10.5512728013065,58.45,-1.5));
#3613=CARTESIAN_POINT('Origin',(13.,58.45,11.5));
#3614=CARTESIAN_POINT('Origin',(19.8136038969321,80.45,0.));
#3615=CARTESIAN_POINT('',(12.55,80.45,23.));
#3616=CARTESIAN_POINT('',(4.55,80.45,23.));
#3617=CARTESIAN_POINT('',(4.55,80.45,15.));
#3618=CARTESIAN_POINT('Origin',(12.55,80.45,15.));
#3619=CARTESIAN_POINT('',(4.55,80.45,-3.));
#3620=CARTESIAN_POINT('',(4.55,80.45,0.));
#3621=CARTESIAN_POINT('',(10.5512728013065,80.45,-3.));
#3622=CARTESIAN_POINT('',(27.4068019484661,80.45,-3.));
#3623=CARTESIAN_POINT('',(10.5512728013065,80.45,-1.5));
#3624=CARTESIAN_POINT('Origin',(13.,80.45,11.5));
#3625=CARTESIAN_POINT('Origin',(4.55,70.55,0.));
#3626=CARTESIAN_POINT('',(12.55,70.55,23.));
#3627=CARTESIAN_POINT('',(58.45,70.55,23.));
#3628=CARTESIAN_POINT('',(4.55,70.55,23.));
#3629=CARTESIAN_POINT('',(58.45,70.55,0.));
#3630=CARTESIAN_POINT('',(10.5512728013065,70.55,-3.));
#3631=CARTESIAN_POINT('',(10.5512728013065,70.55,-1.5));
#3632=CARTESIAN_POINT('',(4.55,70.55,-3.));
#3633=CARTESIAN_POINT('',(46.725,70.55,-3.));
#3634=CARTESIAN_POINT('',(4.55,70.55,15.));
#3635=CARTESIAN_POINT('',(4.55,70.55,0.));
#3636=CARTESIAN_POINT('Origin',(12.55,70.55,15.));
#3637=CARTESIAN_POINT('',(16.65,70.55,11.5));
#3638=CARTESIAN_POINT('Origin',(13.,70.55,11.5));
#3639=CARTESIAN_POINT('Origin',(4.55,48.55,0.));
#3640=CARTESIAN_POINT('',(4.55,48.55,15.));
#3641=CARTESIAN_POINT('',(12.55,48.55,23.));
#3642=CARTESIAN_POINT('Origin',(12.55,48.55,15.));
#3643=CARTESIAN_POINT('',(58.45,48.55,23.));
#3644=CARTESIAN_POINT('',(4.55,48.55,23.));
#3645=CARTESIAN_POINT('',(58.45,48.55,0.));
#3646=CARTESIAN_POINT('',(10.5512728013065,48.55,-3.));
#3647=CARTESIAN_POINT('',(10.5512728013065,48.55,-1.5));
#3648=CARTESIAN_POINT('',(4.55,48.55,-3.));
#3649=CARTESIAN_POINT('',(46.725,48.55,-3.));
#3650=CARTESIAN_POINT('',(4.55,48.55,0.));
#3651=CARTESIAN_POINT('',(16.65,48.55,11.5));
#3652=CARTESIAN_POINT('Origin',(13.,48.55,11.5));
#3653=CARTESIAN_POINT('Origin',(58.45,4.55,0.));
#3654=CARTESIAN_POINT('',(58.45,12.55,23.));
#3655=CARTESIAN_POINT('',(58.45,4.55,23.));
#3656=CARTESIAN_POINT('',(58.45,10.55,21.));
#3657=CARTESIAN_POINT('Origin',(58.45,12.55,21.));
#3658=CARTESIAN_POINT('',(58.45,10.55,-3.));
#3659=CARTESIAN_POINT('',(58.45,10.55,0.));
#3660=CARTESIAN_POINT('',(58.45,26.025,-3.));
#3661=CARTESIAN_POINT('Origin',(4.55,26.55,0.));
#3662=CARTESIAN_POINT('',(4.55,26.55,15.));
#3663=CARTESIAN_POINT('',(12.55,26.55,23.));
#3664=CARTESIAN_POINT('Origin',(12.55,26.55,15.));
#3665=CARTESIAN_POINT('',(58.45,26.55,23.));
#3666=CARTESIAN_POINT('',(4.55,26.55,23.));
#3667=CARTESIAN_POINT('',(58.45,26.55,0.));
#3668=CARTESIAN_POINT('',(10.5512728013065,26.55,-3.));
#3669=CARTESIAN_POINT('',(10.5512728013065,26.55,-1.5));
#3670=CARTESIAN_POINT('',(4.55,26.55,-3.));
#3671=CARTESIAN_POINT('',(46.725,26.55,-3.));
#3672=CARTESIAN_POINT('',(4.55,26.55,0.));
#3673=CARTESIAN_POINT('',(16.65,26.55,11.5));
#3674=CARTESIAN_POINT('Origin',(13.,26.55,11.5));
#3675=CARTESIAN_POINT('Origin',(58.45,48.55,0.));
#3676=CARTESIAN_POINT('',(58.45,56.55,23.));
#3677=CARTESIAN_POINT('',(58.45,48.55,23.));
#3678=CARTESIAN_POINT('',(58.45,54.55,21.));
#3679=CARTESIAN_POINT('Origin',(58.45,56.55,21.));
#3680=CARTESIAN_POINT('',(58.45,54.55,0.));
#3681=CARTESIAN_POINT('Origin',(58.45,26.55,0.));
#3682=CARTESIAN_POINT('',(58.45,34.55,23.));
#3683=CARTESIAN_POINT('',(58.45,26.55,23.));
#3684=CARTESIAN_POINT('',(58.45,32.55,21.));
#3685=CARTESIAN_POINT('Origin',(58.45,34.55,21.));
#3686=CARTESIAN_POINT('',(58.45,32.55,0.));
#3687=CARTESIAN_POINT('Origin',(57.7218846578035,90.45,0.));
#3688=CARTESIAN_POINT('',(57.4454914926044,89.8972134595543,-3.));
#3689=CARTESIAN_POINT('',(46.8596995318549,68.7256214932822,-3.));
#3690=CARTESIAN_POINT('',(57.4454914926044,89.8972134595543,22.3804250079178));
#3691=CARTESIAN_POINT('',(57.4454914926044,89.8972134595543,2.));
#3692=CARTESIAN_POINT('',(56.7218850377831,88.45,23.));
#3693=CARTESIAN_POINT('Origin',(56.7218850377831,88.45,21.));
#3694=CARTESIAN_POINT('',(57.7218846578035,90.45,23.));
#3695=CARTESIAN_POINT('Origin',(58.45,70.55,0.));
#3696=CARTESIAN_POINT('',(58.45,78.55,23.));
#3697=CARTESIAN_POINT('',(58.45,70.55,23.));
#3698=CARTESIAN_POINT('',(58.45,76.55,21.));
#3699=CARTESIAN_POINT('Origin',(58.45,78.55,21.));
#3700=CARTESIAN_POINT('',(58.45,76.55,0.));
#3701=CARTESIAN_POINT('Origin',(4.55,4.55,0.));
#3702=CARTESIAN_POINT('',(4.55,14.475,15.));
#3703=CARTESIAN_POINT('',(4.55,26.025,-3.));
#3704=CARTESIAN_POINT('Origin',(10.5512728013065,85.,-3.));
#3705=CARTESIAN_POINT('',(10.5512728013065,66.25,-3.));
#3706=CARTESIAN_POINT('Origin',(65.,72.5,-16.));
#3707=CARTESIAN_POINT('',(62.875,72.5,-3.));
#3708=CARTESIAN_POINT('Origin',(65.,72.5,-3.));
#3709=CARTESIAN_POINT('',(62.875,72.5,9.));
#3710=CARTESIAN_POINT('',(62.875,72.5,-16.));
#3711=CARTESIAN_POINT('Origin',(65.,72.5,9.));
#3712=CARTESIAN_POINT('Origin',(65.,72.5,9.));
#3713=CARTESIAN_POINT('Origin',(5.,20.,-16.));
#3714=CARTESIAN_POINT('',(2.875,20.,-3.));
#3715=CARTESIAN_POINT('Origin',(5.,20.,-3.));
#3716=CARTESIAN_POINT('',(2.875,20.,9.));
#3717=CARTESIAN_POINT('',(2.875,20.,-16.));
#3718=CARTESIAN_POINT('Origin',(5.,20.,9.));
#3719=CARTESIAN_POINT('Origin',(5.,20.,9.));
#3720=CARTESIAN_POINT('Origin',(5.00000000000001,90.,-16.));
#3721=CARTESIAN_POINT('',(2.87500000000001,90.,-3.));
#3722=CARTESIAN_POINT('Origin',(5.00000000000001,90.,-3.));
#3723=CARTESIAN_POINT('',(2.87500000000001,90.,9.));
#3724=CARTESIAN_POINT('',(2.87500000000001,90.,-16.));
#3725=CARTESIAN_POINT('Origin',(5.00000000000001,90.,9.));
#3726=CARTESIAN_POINT('Origin',(5.00000000000001,90.,9.));
#3727=CARTESIAN_POINT('Origin',(5.,43.,-16.));
#3728=CARTESIAN_POINT('',(2.875,43.,-3.));
#3729=CARTESIAN_POINT('Origin',(5.,43.,-3.));
#3730=CARTESIAN_POINT('',(2.875,43.,9.));
#3731=CARTESIAN_POINT('',(2.875,43.,-16.));
#3732=CARTESIAN_POINT('Origin',(5.,43.,9.));
#3733=CARTESIAN_POINT('Origin',(5.,43.,9.));
#3734=CARTESIAN_POINT('Origin',(65.,5.,-16.));
#3735=CARTESIAN_POINT('',(62.875,5.,-3.));
#3736=CARTESIAN_POINT('Origin',(65.,5.,-3.));
#3737=CARTESIAN_POINT('',(62.875,5.,9.));
#3738=CARTESIAN_POINT('',(62.875,5.,-16.));
#3739=CARTESIAN_POINT('Origin',(65.,5.,9.));
#3740=CARTESIAN_POINT('Origin',(65.,5.,9.));
#3741=CARTESIAN_POINT('Origin',(37.,90.,-16.));
#3742=CARTESIAN_POINT('',(34.875,90.,-3.));
#3743=CARTESIAN_POINT('Origin',(37.,90.,-3.));
#3744=CARTESIAN_POINT('',(34.875,90.,9.));
#3745=CARTESIAN_POINT('',(34.875,90.,-16.));
#3746=CARTESIAN_POINT('Origin',(37.,90.,9.));
#3747=CARTESIAN_POINT('Origin',(37.,90.,9.));
#3748=CARTESIAN_POINT('Origin',(37.,78.5,23.));
#3749=CARTESIAN_POINT('',(42.25,78.5,25.));
#3750=CARTESIAN_POINT('Origin',(37.,78.5,25.));
#3751=CARTESIAN_POINT('',(40.25,78.5,23.));
#3752=CARTESIAN_POINT('Origin',(42.25,78.5,23.));
#3753=CARTESIAN_POINT('Origin',(37.,78.5,23.));
#3754=CARTESIAN_POINT('Origin',(35.,47.5,25.));
#3755=CARTESIAN_POINT('',(5.,2.,25.));
#3756=CARTESIAN_POINT('',(2.,5.,25.));
#3757=CARTESIAN_POINT('Origin',(5.,5.,25.));
#3758=CARTESIAN_POINT('',(65.,2.,25.));
#3759=CARTESIAN_POINT('',(52.5,2.,25.));
#3760=CARTESIAN_POINT('',(68.,5.,25.));
#3761=CARTESIAN_POINT('Origin',(65.,5.,25.));
#3762=CARTESIAN_POINT('',(68.,90.,25.));
#3763=CARTESIAN_POINT('',(68.,71.25,25.));
#3764=CARTESIAN_POINT('',(65.,93.,25.));
#3765=CARTESIAN_POINT('Origin',(65.,90.,25.));
#3766=CARTESIAN_POINT('',(5.,93.,25.));
#3767=CARTESIAN_POINT('',(17.5,93.,25.));
#3768=CARTESIAN_POINT('',(2.,90.,25.));
#3769=CARTESIAN_POINT('Origin',(5.,90.,25.));
#3770=CARTESIAN_POINT('',(2.,23.75,25.));
#3771=CARTESIAN_POINT('',(42.25,56.5,25.));
#3772=CARTESIAN_POINT('Origin',(37.,56.5,25.));
#3773=CARTESIAN_POINT('',(42.25,12.5,25.));
#3774=CARTESIAN_POINT('Origin',(37.,12.5,25.));
#3775=CARTESIAN_POINT('',(42.25,34.5,25.));
#3776=CARTESIAN_POINT('Origin',(37.,34.5,25.));
#3777=CARTESIAN_POINT('Origin',(37.,56.5,23.));
#3778=CARTESIAN_POINT('',(40.25,56.5,23.));
#3779=CARTESIAN_POINT('Origin',(42.25,56.5,23.));
#3780=CARTESIAN_POINT('Origin',(37.,56.5,23.));
#3781=CARTESIAN_POINT('Origin',(37.,34.5,23.));
#3782=CARTESIAN_POINT('',(40.25,34.5,23.));
#3783=CARTESIAN_POINT('Origin',(42.25,34.5,23.));
#3784=CARTESIAN_POINT('Origin',(37.,34.5,23.));
#3785=CARTESIAN_POINT('Origin',(37.,12.5,23.));
#3786=CARTESIAN_POINT('',(40.25,12.5,23.));
#3787=CARTESIAN_POINT('Origin',(42.25,12.5,23.));
#3788=CARTESIAN_POINT('Origin',(37.,12.5,23.));
#3789=CARTESIAN_POINT('Origin',(65.,90.,23.));
#3790=CARTESIAN_POINT('',(65.,95.,23.));
#3791=CARTESIAN_POINT('',(70.,90.,23.));
#3792=CARTESIAN_POINT('Origin',(65.,90.,23.));
#3793=CARTESIAN_POINT('Origin',(65.,93.,23.));
#3794=CARTESIAN_POINT('Origin',(68.,90.,23.));
#3795=CARTESIAN_POINT('Origin',(5.,90.,23.));
#3796=CARTESIAN_POINT('',(5.,95.,23.));
#3797=CARTESIAN_POINT('Origin',(5.,93.,23.));
#3798=CARTESIAN_POINT('',(0.,90.,23.));
#3799=CARTESIAN_POINT('Origin',(5.,90.,23.));
#3800=CARTESIAN_POINT('Origin',(2.,90.,23.));
#3801=CARTESIAN_POINT('Origin',(17.5,93.,23.));
#3802=CARTESIAN_POINT('',(17.5,95.,23.));
#3803=CARTESIAN_POINT('Origin',(5.,90.,25.));
#3804=CARTESIAN_POINT('',(5.,95.,-3.));
#3805=CARTESIAN_POINT('',(0.,90.,-3.));
#3806=CARTESIAN_POINT('Origin',(5.,90.,-3.));
#3807=CARTESIAN_POINT('',(0.,90.,25.));
#3808=CARTESIAN_POINT('',(5.,95.,25.));
#3809=CARTESIAN_POINT('Origin',(65.,5.,23.));
#3810=CARTESIAN_POINT('',(65.,0.,23.));
#3811=CARTESIAN_POINT('Origin',(65.,2.,23.));
#3812=CARTESIAN_POINT('',(70.,5.,23.));
#3813=CARTESIAN_POINT('Origin',(65.,5.,23.));
#3814=CARTESIAN_POINT('Origin',(68.,5.,23.));
#3815=CARTESIAN_POINT('Origin',(5.,5.,23.));
#3816=CARTESIAN_POINT('',(0.,5.,23.));
#3817=CARTESIAN_POINT('Origin',(2.,5.,23.));
#3818=CARTESIAN_POINT('',(5.,0.,23.));
#3819=CARTESIAN_POINT('Origin',(5.,5.,23.));
#3820=CARTESIAN_POINT('Origin',(5.,2.,23.));
#3821=CARTESIAN_POINT('Origin',(2.,23.75,23.));
#3822=CARTESIAN_POINT('',(0.,23.75,23.));
#3823=CARTESIAN_POINT('Origin',(5.,5.,25.));
#3824=CARTESIAN_POINT('',(0.,5.,-3.));
#3825=CARTESIAN_POINT('',(5.,0.,-3.));
#3826=CARTESIAN_POINT('Origin',(5.,5.,-3.));
#3827=CARTESIAN_POINT('',(5.,0.,25.));
#3828=CARTESIAN_POINT('',(0.,5.,25.));
#3829=CARTESIAN_POINT('Origin',(52.5,2.,23.));
#3830=CARTESIAN_POINT('',(52.5,0.,23.));
#3831=CARTESIAN_POINT('Origin',(65.,5.,25.));
#3832=CARTESIAN_POINT('',(65.,0.,-3.));
#3833=CARTESIAN_POINT('',(70.,5.,-3.));
#3834=CARTESIAN_POINT('Origin',(65.,5.,-3.));
#3835=CARTESIAN_POINT('',(70.,5.,25.));
#3836=CARTESIAN_POINT('',(65.,0.,25.));
#3837=CARTESIAN_POINT('Origin',(68.,71.25,23.));
#3838=CARTESIAN_POINT('',(70.,12.55,23.));
#3839=CARTESIAN_POINT('',(70.,71.25,23.));
#3840=CARTESIAN_POINT('',(70.,22.45,23.));
#3841=CARTESIAN_POINT('',(70.,54.75,23.));
#3842=CARTESIAN_POINT('',(70.,34.55,23.));
#3843=CARTESIAN_POINT('',(70.,71.25,23.));
#3844=CARTESIAN_POINT('',(70.,44.45,23.));
#3845=CARTESIAN_POINT('',(70.,65.75,23.));
#3846=CARTESIAN_POINT('',(70.,56.55,23.));
#3847=CARTESIAN_POINT('',(70.,71.25,23.));
#3848=CARTESIAN_POINT('',(70.,66.45,23.));
#3849=CARTESIAN_POINT('',(70.,76.75,23.));
#3850=CARTESIAN_POINT('',(70.,78.55,23.));
#3851=CARTESIAN_POINT('',(70.,71.25,23.));
#3852=CARTESIAN_POINT('',(70.,88.45,23.));
#3853=CARTESIAN_POINT('',(70.,87.75,23.));
#3854=CARTESIAN_POINT('',(70.,71.25,23.));
#3855=CARTESIAN_POINT('Origin',(65.,90.,25.));
#3856=CARTESIAN_POINT('',(69.9797088268291,90.45,-3.));
#3857=CARTESIAN_POINT('',(65.,95.,-3.));
#3858=CARTESIAN_POINT('Origin',(65.,90.,-3.));
#3859=CARTESIAN_POINT('',(65.,95.,25.));
#3860=CARTESIAN_POINT('',(70.,90.,22.2639224659765));
#3861=CARTESIAN_POINT('',(70.,90.,25.));
#3862=CARTESIAN_POINT('',(69.9797088268291,90.45,21.));
#3863=CARTESIAN_POINT('Ctrl Pts',(70.,90.,22.2639224659765));
#3864=CARTESIAN_POINT('Ctrl Pts',(70.,90.1196905787473,22.1171409963434));
#3865=CARTESIAN_POINT('Ctrl Pts',(69.9956435129857,90.2217584595427,21.9481165441123));
#3866=CARTESIAN_POINT('Ctrl Pts',(69.9850845683762,90.3994052348623,21.5209626970062));
#3867=CARTESIAN_POINT('Ctrl Pts',(69.9797088268291,90.45,21.2521806539716));
#3868=CARTESIAN_POINT('Ctrl Pts',(69.9797088268291,90.45,21.));
#3869=CARTESIAN_POINT('',(69.9797088268291,90.45,25.));
#3870=CARTESIAN_POINT('Origin',(70.,0.,25.));
#3871=CARTESIAN_POINT('',(17.5,0.,-3.));
#3872=CARTESIAN_POINT('',(16.65,0.,11.5));
#3873=CARTESIAN_POINT('Origin',(13.,0.,11.5));
#3874=CARTESIAN_POINT('Origin',(0.,0.,25.));
#3875=CARTESIAN_POINT('',(0.,71.25,-3.));
#3876=CARTESIAN_POINT('Origin',(70.,95.,25.));
#3877=CARTESIAN_POINT('Origin',(70.,88.45,21.));
#3878=CARTESIAN_POINT('Origin',(70.,95.,25.));
#3879=CARTESIAN_POINT('',(70.,68.45,21.));
#3880=CARTESIAN_POINT('Origin',(70.,66.45,21.));
#3881=CARTESIAN_POINT('',(70.,68.45,-3.));
#3882=CARTESIAN_POINT('',(70.,68.45,12.5));
#3883=CARTESIAN_POINT('',(70.,76.55,-3.));
#3884=CARTESIAN_POINT('',(70.,23.75,-3.));
#3885=CARTESIAN_POINT('',(70.,76.55,21.));
#3886=CARTESIAN_POINT('',(70.,76.55,12.5));
#3887=CARTESIAN_POINT('Origin',(70.,78.55,21.));
#3888=CARTESIAN_POINT('Origin',(70.,95.,25.));
#3889=CARTESIAN_POINT('',(70.,46.45,21.));
#3890=CARTESIAN_POINT('Origin',(70.,44.45,21.));
#3891=CARTESIAN_POINT('',(70.,46.45,-3.));
#3892=CARTESIAN_POINT('',(70.,46.45,12.5));
#3893=CARTESIAN_POINT('',(70.,54.55,-3.));
#3894=CARTESIAN_POINT('',(70.,23.75,-3.));
#3895=CARTESIAN_POINT('',(70.,54.55,21.));
#3896=CARTESIAN_POINT('',(70.,54.55,12.5));
#3897=CARTESIAN_POINT('Origin',(70.,56.55,21.));
#3898=CARTESIAN_POINT('Origin',(70.,95.,25.));
#3899=CARTESIAN_POINT('',(70.,24.45,21.));
#3900=CARTESIAN_POINT('Origin',(70.,22.45,21.));
#3901=CARTESIAN_POINT('',(70.,24.45,-3.));
#3902=CARTESIAN_POINT('',(70.,24.45,12.5));
#3903=CARTESIAN_POINT('',(70.,32.55,-3.));
#3904=CARTESIAN_POINT('',(70.,23.75,-3.));
#3905=CARTESIAN_POINT('',(70.,32.55,21.));
#3906=CARTESIAN_POINT('',(70.,32.55,12.5));
#3907=CARTESIAN_POINT('Origin',(70.,34.55,21.));
#3908=CARTESIAN_POINT('Origin',(0.,95.,25.));
#3909=CARTESIAN_POINT('',(52.5,95.,-3.));
#3910=CARTESIAN_POINT('',(16.65,95.,11.5));
#3911=CARTESIAN_POINT('Origin',(13.,95.,11.5));
#3912=CARTESIAN_POINT('Origin',(35.,47.5,-3.));
#3913=CARTESIAN_POINT('',(10.5512728013065,85.,-3.));
#3914=CARTESIAN_POINT('',(48.7756364006533,85.,-3.));
#3915=CARTESIAN_POINT('',(10.5512728013065,66.25,-3.));
#3916=CARTESIAN_POINT('',(4.55,59.025,-3.));
#3917=CARTESIAN_POINT('',(10.5512728013065,66.25,-3.));
#3918=CARTESIAN_POINT('',(4.55,48.025,-3.));
#3919=CARTESIAN_POINT('',(10.5512728013065,66.25,-3.));
#3920=CARTESIAN_POINT('',(4.55,37.025,-3.));
#3921=CARTESIAN_POINT('',(70.,10.55,-3.));
#3922=CARTESIAN_POINT('',(49.725,10.55,-3.));
#3923=CARTESIAN_POINT('',(70.,23.75,-3.));
#3924=CARTESIAN_POINT('',(58.3399187515772,90.45,-3.));
#3925=CARTESIAN_POINT('',(59.225,90.45,-3.));
#3926=CARTESIAN_POINT('Origin',(58.3399187515772,89.45,-3.));
#3927=CARTESIAN_POINT('Origin',(13.0512728013065,15.5,-3.));
#3928=CARTESIAN_POINT('',(12.5012728013065,15.5,7.88423297469495));
#3929=CARTESIAN_POINT('',(12.5012728013065,15.5,-3.));
#3930=CARTESIAN_POINT('',(13.6012728013065,15.5,7.89986513885813));
#3931=CARTESIAN_POINT('Ctrl Pts',(13.6012728013065,15.5,7.89986513885813));
#3932=CARTESIAN_POINT('Ctrl Pts',(13.6012728013065,15.4308208507128,7.89986513885813));
#3933=CARTESIAN_POINT('Ctrl Pts',(13.5874242418344,15.3571166730663,7.89746760215478));
#3934=CARTESIAN_POINT('Ctrl Pts',(13.5312828907217,15.2216758423566,7.88876123765667));
#3935=CARTESIAN_POINT('Ctrl Pts',(13.4889967854792,15.1599288110266,7.88257115296538));
#3936=CARTESIAN_POINT('Ctrl Pts',(13.3915035253255,15.0623910006768,7.87072482352645));
#3937=CARTESIAN_POINT('Ctrl Pts',(13.3297361893504,15.0200651540976,7.8642899523306));
#3938=CARTESIAN_POINT('Ctrl Pts',(13.1942410052436,14.9638662393209,7.85453926959082));
#3939=CARTESIAN_POINT('Ctrl Pts',(13.1205024834666,14.95,7.85133273011914));
#3940=CARTESIAN_POINT('Ctrl Pts',(12.9821576896069,14.95,7.84938916160237));
#3941=CARTESIAN_POINT('Ctrl Pts',(12.9084721547468,14.9638252108148,7.85051795640338));
#3942=CARTESIAN_POINT('Ctrl Pts',(12.7730058202613,15.0199552986306,7.8564344145464));
#3943=CARTESIAN_POINT('Ctrl Pts',(12.7112183007925,15.0622554968464,7.86111209097899));
#3944=CARTESIAN_POINT('Ctrl Pts',(12.6136254095572,15.1598114926996,7.87017660745272));
#3945=CARTESIAN_POINT('Ctrl Pts',(12.5712945088014,15.2216110863334,7.87515336002795));
#3946=CARTESIAN_POINT('Ctrl Pts',(12.5151158411833,15.3571180407524,7.88223979220067));
#3947=CARTESIAN_POINT('Ctrl Pts',(12.5012728013065,15.430833428358,7.88423297469495));
#3948=CARTESIAN_POINT('Ctrl Pts',(12.5012728013065,15.5,7.88423297469495));
#3949=CARTESIAN_POINT('Ctrl Pts',(12.5012728013065,15.5,7.88423297469495));
#3950=CARTESIAN_POINT('Ctrl Pts',(12.5012728013065,15.569166571642,7.88423297469495));
#3951=CARTESIAN_POINT('Ctrl Pts',(12.5151158411833,15.6428819592476,7.88223979220067));
#3952=CARTESIAN_POINT('Ctrl Pts',(12.5712945088014,15.7783889136666,7.87515336002795));
#3953=CARTESIAN_POINT('Ctrl Pts',(12.6136254095572,15.8401885073004,7.87017660745272));
#3954=CARTESIAN_POINT('Ctrl Pts',(12.7112183007925,15.9377445031537,7.86111209097899));
#3955=CARTESIAN_POINT('Ctrl Pts',(12.7730058202613,15.9800447013694,7.8564344145464));
#3956=CARTESIAN_POINT('Ctrl Pts',(12.9084721547468,16.0361747891852,7.85051795640338));
#3957=CARTESIAN_POINT('Ctrl Pts',(12.9821576896069,16.05,7.84938916160237));
#3958=CARTESIAN_POINT('Ctrl Pts',(13.1205024834666,16.05,7.85133273011914));
#3959=CARTESIAN_POINT('Ctrl Pts',(13.1942410052436,16.0361337606791,7.85453926959082));
#3960=CARTESIAN_POINT('Ctrl Pts',(13.3297361893504,15.9799348459024,7.8642899523306));
#3961=CARTESIAN_POINT('Ctrl Pts',(13.3915035253255,15.9376089993232,7.87072482352645));
#3962=CARTESIAN_POINT('Ctrl Pts',(13.4889967854792,15.8400711889734,7.88257115296538));
#3963=CARTESIAN_POINT('Ctrl Pts',(13.5312828907217,15.7783241576434,7.88876123765667));
#3964=CARTESIAN_POINT('Ctrl Pts',(13.5874242418344,15.6428833269337,7.89746760215478));
#3965=CARTESIAN_POINT('Ctrl Pts',(13.6012728013065,15.5691791492872,7.89986513885813));
#3966=CARTESIAN_POINT('Ctrl Pts',(13.6012728013065,15.5,7.89986513885813));
#3967=CARTESIAN_POINT('Origin',(13.0512728013065,82.5,-3.));
#3968=CARTESIAN_POINT('',(12.5012728013065,82.5,7.88423297469495));
#3969=CARTESIAN_POINT('',(12.5012728013065,82.5,-3.));
#3970=CARTESIAN_POINT('',(13.6012728013065,82.5,7.89986513885813));
#3971=CARTESIAN_POINT('Ctrl Pts',(13.6012728013065,82.5,7.89986513885813));
#3972=CARTESIAN_POINT('Ctrl Pts',(13.6012728013065,82.4308208507128,7.89986513885813));
#3973=CARTESIAN_POINT('Ctrl Pts',(13.5874242418344,82.3571166730663,7.89746760215478));
#3974=CARTESIAN_POINT('Ctrl Pts',(13.5312828907216,82.2216758423566,7.88876123765666));
#3975=CARTESIAN_POINT('Ctrl Pts',(13.4889967854792,82.1599288110266,7.88257115296538));
#3976=CARTESIAN_POINT('Ctrl Pts',(13.3915035253254,82.0623910006768,7.87072482352645));
#3977=CARTESIAN_POINT('Ctrl Pts',(13.3297361893504,82.0200651540976,7.8642899523306));
#3978=CARTESIAN_POINT('Ctrl Pts',(13.1942410052436,81.9638662393209,7.85453926959082));
#3979=CARTESIAN_POINT('Ctrl Pts',(13.1205024834666,81.95,7.85133273011914));
#3980=CARTESIAN_POINT('Ctrl Pts',(12.9821576896069,81.95,7.84938916160237));
#3981=CARTESIAN_POINT('Ctrl Pts',(12.9084721547468,81.9638252108148,7.85051795640338));
#3982=CARTESIAN_POINT('Ctrl Pts',(12.7730058202613,82.0199552986306,7.8564344145464));
#3983=CARTESIAN_POINT('Ctrl Pts',(12.7112183007925,82.0622554968463,7.86111209097899));
#3984=CARTESIAN_POINT('Ctrl Pts',(12.6136254095572,82.1598114926996,7.87017660745272));
#3985=CARTESIAN_POINT('Ctrl Pts',(12.5712945088014,82.2216110863334,7.87515336002795));
#3986=CARTESIAN_POINT('Ctrl Pts',(12.5151158411833,82.3571180407524,7.88223979220067));
#3987=CARTESIAN_POINT('Ctrl Pts',(12.5012728013065,82.430833428358,7.88423297469495));
#3988=CARTESIAN_POINT('Ctrl Pts',(12.5012728013065,82.5,7.88423297469495));
#3989=CARTESIAN_POINT('Ctrl Pts',(12.5012728013065,82.5,7.88423297469495));
#3990=CARTESIAN_POINT('Ctrl Pts',(12.5012728013065,82.569166571642,7.88423297469495));
#3991=CARTESIAN_POINT('Ctrl Pts',(12.5151158411833,82.6428819592476,7.88223979220067));
#3992=CARTESIAN_POINT('Ctrl Pts',(12.5712945088014,82.7783889136666,7.87515336002795));
#3993=CARTESIAN_POINT('Ctrl Pts',(12.6136254095572,82.8401885073004,7.87017660745272));
#3994=CARTESIAN_POINT('Ctrl Pts',(12.7112183007925,82.9377445031537,7.86111209097899));
#3995=CARTESIAN_POINT('Ctrl Pts',(12.7730058202613,82.9800447013694,7.8564344145464));
#3996=CARTESIAN_POINT('Ctrl Pts',(12.9084721547468,83.0361747891852,7.85051795640338));
#3997=CARTESIAN_POINT('Ctrl Pts',(12.9821576896069,83.05,7.84938916160237));
#3998=CARTESIAN_POINT('Ctrl Pts',(13.1205024834666,83.05,7.85133273011914));
#3999=CARTESIAN_POINT('Ctrl Pts',(13.1942410052436,83.0361337606791,7.85453926959082));
#4000=CARTESIAN_POINT('Ctrl Pts',(13.3297361893504,82.9799348459024,7.8642899523306));
#4001=CARTESIAN_POINT('Ctrl Pts',(13.3915035253254,82.9376089993232,7.87072482352645));
#4002=CARTESIAN_POINT('Ctrl Pts',(13.4889967854792,82.8400711889734,7.88257115296538));
#4003=CARTESIAN_POINT('Ctrl Pts',(13.5312828907217,82.7783241576434,7.88876123765667));
#4004=CARTESIAN_POINT('Ctrl Pts',(13.5874242418344,82.6428833269337,7.89746760215478));
#4005=CARTESIAN_POINT('Ctrl Pts',(13.6012728013065,82.5691791492872,7.89986513885813));
#4006=CARTESIAN_POINT('Ctrl Pts',(13.6012728013065,82.5,7.89986513885813));
#4007=CARTESIAN_POINT('Origin',(10.5512728013065,85.,-3.));
#4008=CARTESIAN_POINT('',(10.5512728013065,85.,-3.));
#4009=CARTESIAN_POINT('Origin',(10.5512728013065,85.,-3.));
#4010=CARTESIAN_POINT('Origin',(10.5512728013065,85.,-3.));
#4011=CARTESIAN_POINT('Origin',(62.5512728013065,13.,-3.));
#4012=CARTESIAN_POINT('',(62.5512728013065,68.45,-3.));
#4013=CARTESIAN_POINT('',(62.5512728013065,68.45,-1.5));
#4014=CARTESIAN_POINT('',(62.5512728013065,76.55,-3.));
#4015=CARTESIAN_POINT('',(62.5512728013065,76.55,-1.5));
#4016=CARTESIAN_POINT('',(62.5512728013065,30.25,-3.));
#4017=CARTESIAN_POINT('Origin',(62.5512728013065,13.,-3.));
#4018=CARTESIAN_POINT('',(62.5512728013065,46.45,-3.));
#4019=CARTESIAN_POINT('',(62.5512728013065,46.45,-1.5));
#4020=CARTESIAN_POINT('',(62.5512728013065,54.55,-3.));
#4021=CARTESIAN_POINT('',(62.5512728013065,54.55,-1.5));
#4022=CARTESIAN_POINT('',(62.5512728013065,30.25,-3.));
#4023=CARTESIAN_POINT('Origin',(62.5512728013065,13.,-3.));
#4024=CARTESIAN_POINT('',(62.5512728013065,32.55,-3.));
#4025=CARTESIAN_POINT('',(62.5512728013065,32.55,-1.5));
#4026=CARTESIAN_POINT('',(62.5512728013065,24.45,-3.));
#4027=CARTESIAN_POINT('',(62.5512728013065,30.25,-3.));
#4028=CARTESIAN_POINT('',(62.5512728013065,24.45,-1.5));
#4029=CARTESIAN_POINT('Origin',(62.5512728013065,85.,-3.));
#4030=CARTESIAN_POINT('Origin',(58.45,32.55,0.));
#4031=CARTESIAN_POINT('',(49.725,32.55,21.));
#4032=CARTESIAN_POINT('',(49.725,32.55,-3.));
#4033=CARTESIAN_POINT('Origin',(55.7218854177627,42.45,0.));
#4034=CARTESIAN_POINT('',(55.7218854177627,42.45,23.));
#4035=CARTESIAN_POINT('Origin',(58.3399187515772,45.45,0.));
#4036=CARTESIAN_POINT('',(58.3399187515772,46.45,21.));
#4037=CARTESIAN_POINT('',(58.3399187515772,46.45,2.));
#4038=CARTESIAN_POINT('Ctrl Pts',(57.4454914926044,45.8972134595543,22.3804250079178));
#4039=CARTESIAN_POINT('Ctrl Pts',(57.5158946092353,46.0380197463195,22.2328061570366));
#4040=CARTESIAN_POINT('Ctrl Pts',(57.6177250683937,46.1590567756173,22.0607752894936));
#4041=CARTESIAN_POINT('Ctrl Pts',(57.9148864961447,46.3802406911883,21.6011527436615));
#4042=CARTESIAN_POINT('Ctrl Pts',(58.1226421172886,46.4490555803655,21.3072766588706));
#4043=CARTESIAN_POINT('Ctrl Pts',(58.3369914458226,46.449996786583,21.0041398354994));
#4044=CARTESIAN_POINT('Ctrl Pts',(58.3384550992881,46.45,21.0020699169178));
#4045=CARTESIAN_POINT('Ctrl Pts',(58.3399187515772,46.45,21.));
#4046=CARTESIAN_POINT('Origin',(77.45,46.45,0.));
#4047=CARTESIAN_POINT('',(59.225,46.45,-3.));
#4048=CARTESIAN_POINT('',(59.225,46.45,21.));
#4049=CARTESIAN_POINT('Origin',(58.45,54.55,0.));
#4050=CARTESIAN_POINT('',(49.725,54.55,21.));
#4051=CARTESIAN_POINT('',(49.725,54.55,-3.));
#4052=CARTESIAN_POINT('Origin',(55.7218854177627,64.45,0.));
#4053=CARTESIAN_POINT('',(55.7218854177627,64.45,23.));
#4054=CARTESIAN_POINT('Origin',(58.3399187515772,67.45,0.));
#4055=CARTESIAN_POINT('',(58.3399187515772,68.45,21.));
#4056=CARTESIAN_POINT('',(58.3399187515772,68.45,2.));
#4057=CARTESIAN_POINT('Ctrl Pts',(57.4454914926044,67.8972134595543,22.3804250079178));
#4058=CARTESIAN_POINT('Ctrl Pts',(57.5158946092353,68.0380197463195,22.2328061570366));
#4059=CARTESIAN_POINT('Ctrl Pts',(57.6177250683937,68.1590567756173,22.0607752894936));
#4060=CARTESIAN_POINT('Ctrl Pts',(57.9148864961447,68.3802406911883,21.6011527436615));
#4061=CARTESIAN_POINT('Ctrl Pts',(58.1226421172886,68.4490555803655,21.3072766588706));
#4062=CARTESIAN_POINT('Ctrl Pts',(58.3369914458226,68.449996786583,21.0041398354994));
#4063=CARTESIAN_POINT('Ctrl Pts',(58.3384550992881,68.45,21.0020699169178));
#4064=CARTESIAN_POINT('Ctrl Pts',(58.3399187515772,68.45,21.));
#4065=CARTESIAN_POINT('Origin',(77.45,68.45,0.));
#4066=CARTESIAN_POINT('',(59.225,68.45,-3.));
#4067=CARTESIAN_POINT('',(59.225,68.45,21.));
#4068=CARTESIAN_POINT('Origin',(35.,47.5,-3.));
#4069=CARTESIAN_POINT('Origin',(35.,47.5,-3.));
#4070=CARTESIAN_POINT('',(49.725,76.55,-3.));
#4071=CARTESIAN_POINT('Origin',(58.45,76.55,0.));
#4072=CARTESIAN_POINT('',(49.725,76.55,21.));
#4073=CARTESIAN_POINT('Origin',(35.,47.5,-3.));
#4074=CARTESIAN_POINT('',(59.225,24.45,-3.));
#4075=CARTESIAN_POINT('Origin',(13.,4.55,11.5));
#4076=CARTESIAN_POINT('',(16.65,4.55,11.5));
#4077=CARTESIAN_POINT('Origin',(13.,4.55,11.5));
#4078=CARTESIAN_POINT('',(16.65,4.55,11.5));
#4079=CARTESIAN_POINT('Origin',(13.,4.55,11.5));
#4080=CARTESIAN_POINT('',(16.65,4.55,11.5));
#4081=CARTESIAN_POINT('Origin',(13.,4.55,11.5));
#4082=CARTESIAN_POINT('',(16.65,4.55,11.5));
#4083=CARTESIAN_POINT('Origin',(13.,4.55,11.5));
#4084=CARTESIAN_POINT('',(16.65,4.55,11.5));
#4085=CARTESIAN_POINT('Origin',(58.45,10.55,0.));
#4086=CARTESIAN_POINT('',(70.,10.55,21.));
#4087=CARTESIAN_POINT('',(70.,10.55,12.5));
#4088=CARTESIAN_POINT('',(49.725,10.55,21.));
#4089=CARTESIAN_POINT('Origin',(49.725,12.55,21.));
#4090=CARTESIAN_POINT('Origin',(70.,12.55,21.));
#4091=CARTESIAN_POINT('',(49.725,12.55,23.));
#4092=CARTESIAN_POINT('Origin',(41.,14.5,23.));
#4093=CARTESIAN_POINT('',(12.55,14.475,23.));
#4094=CARTESIAN_POINT('',(55.7218854177627,20.45,23.));
#4095=CARTESIAN_POINT('',(59.225,22.45,23.));
#4096=CARTESIAN_POINT('Origin',(59.225,22.45,21.));
#4097=CARTESIAN_POINT('',(58.3399187515772,24.45,21.));
#4098=CARTESIAN_POINT('Ctrl Pts',(57.4454914926044,23.8972134595543,22.3804250079178));
#4099=CARTESIAN_POINT('Ctrl Pts',(57.5158946092353,24.0380197463195,22.2328061570366));
#4100=CARTESIAN_POINT('Ctrl Pts',(57.6177250683937,24.1590567756173,22.0607752894936));
#4101=CARTESIAN_POINT('Ctrl Pts',(57.9148864961447,24.3802406911883,21.6011527436615));
#4102=CARTESIAN_POINT('Ctrl Pts',(58.1226421172886,24.4490555803655,21.3072766588706));
#4103=CARTESIAN_POINT('Ctrl Pts',(58.3369914458226,24.449996786583,21.0041398354994));
#4104=CARTESIAN_POINT('Ctrl Pts',(58.3384550992881,24.45,21.0020699169178));
#4105=CARTESIAN_POINT('Ctrl Pts',(58.3399187515772,24.45,21.));
#4106=CARTESIAN_POINT('',(59.225,24.45,21.));
#4107=CARTESIAN_POINT('Origin',(77.45,24.45,0.));
#4108=CARTESIAN_POINT('',(58.3399187515772,24.45,2.));
#4109=CARTESIAN_POINT('Origin',(58.3399187515772,23.45,0.));
#4110=CARTESIAN_POINT('Origin',(12.55,14.475,15.));
#4111=CARTESIAN_POINT('Origin',(55.7218854177627,20.45,0.));
#4112=CARTESIAN_POINT('Origin',(70.,95.,25.));
#4113=CARTESIAN_POINT('Origin',(49.725,34.55,21.));
#4114=CARTESIAN_POINT('',(49.725,34.55,23.));
#4115=CARTESIAN_POINT('Origin',(41.,36.5,23.));
#4116=CARTESIAN_POINT('',(12.55,36.475,23.));
#4117=CARTESIAN_POINT('',(59.225,44.45,23.));
#4118=CARTESIAN_POINT('Origin',(59.225,44.45,21.));
#4119=CARTESIAN_POINT('Origin',(12.55,36.475,15.));
#4120=CARTESIAN_POINT('',(4.55,36.475,15.));
#4121=CARTESIAN_POINT('Origin',(4.55,36.45,0.));
#4122=CARTESIAN_POINT('Origin',(49.725,56.55,21.));
#4123=CARTESIAN_POINT('',(49.725,56.55,23.));
#4124=CARTESIAN_POINT('Origin',(41.,58.5,23.));
#4125=CARTESIAN_POINT('',(12.55,58.475,23.));
#4126=CARTESIAN_POINT('',(59.225,66.45,23.));
#4127=CARTESIAN_POINT('Origin',(59.225,66.45,21.));
#4128=CARTESIAN_POINT('Origin',(12.55,58.475,15.));
#4129=CARTESIAN_POINT('',(4.55,58.475,15.));
#4130=CARTESIAN_POINT('Origin',(4.55,58.45,0.));
#4131=CARTESIAN_POINT('Origin',(49.725,78.55,21.));
#4132=CARTESIAN_POINT('',(49.725,78.55,23.));
#4133=CARTESIAN_POINT('Origin',(41.,80.5,23.));
#4134=CARTESIAN_POINT('',(12.55,80.475,23.));
#4135=CARTESIAN_POINT('',(59.225,88.45,23.));
#4136=CARTESIAN_POINT('Origin',(59.225,88.45,21.));
#4137=CARTESIAN_POINT('',(58.3399187515772,90.45,21.));
#4138=CARTESIAN_POINT('Ctrl Pts',(57.4454914926044,89.8972134595543,22.3804250079178));
#4139=CARTESIAN_POINT('Ctrl Pts',(57.5158946092353,90.0380197463195,22.2328061570366));
#4140=CARTESIAN_POINT('Ctrl Pts',(57.6177250683937,90.1590567756173,22.0607752894936));
#4141=CARTESIAN_POINT('Ctrl Pts',(57.9148864961447,90.3802406911883,21.6011527436615));
#4142=CARTESIAN_POINT('Ctrl Pts',(58.1226421172886,90.4490555803655,21.3072766588706));
#4143=CARTESIAN_POINT('Ctrl Pts',(58.3369914458226,90.449996786583,21.0041398354994));
#4144=CARTESIAN_POINT('Ctrl Pts',(58.3384550992881,90.45,21.0020699169178));
#4145=CARTESIAN_POINT('Ctrl Pts',(58.3399187515772,90.45,21.));
#4146=CARTESIAN_POINT('',(59.225,90.45,21.));
#4147=CARTESIAN_POINT('Origin',(77.45,90.45,0.));
#4148=CARTESIAN_POINT('',(58.3399187515772,90.45,2.));
#4149=CARTESIAN_POINT('Origin',(58.3399187515772,89.45,0.));
#4150=CARTESIAN_POINT('Origin',(12.55,80.475,15.));
#4151=CARTESIAN_POINT('',(4.55,80.475,15.));
#4152=CARTESIAN_POINT('Origin',(4.55,80.45,0.));
#4153=UNCERTAINTY_MEASURE_WITH_UNIT(LENGTH_MEASURE(0.01),#4157,
'DISTANCE_ACCURACY_VALUE',
'Maximum model space distance between geometric entities at asserted c
onnectivities');
#4154=UNCERTAINTY_MEASURE_WITH_UNIT(LENGTH_MEASURE(0.01),#4157,
'DISTANCE_ACCURACY_VALUE',
'Maximum model space distance between geometric entities at asserted c
onnectivities');
#4155=(
GEOMETRIC_REPRESENTATION_CONTEXT(3)
GLOBAL_UNCERTAINTY_ASSIGNED_CONTEXT((#4153))
GLOBAL_UNIT_ASSIGNED_CONTEXT((#4157,#4159,#4160))
REPRESENTATION_CONTEXT('','3D')
);
#4156=(
GEOMETRIC_REPRESENTATION_CONTEXT(3)
GLOBAL_UNCERTAINTY_ASSIGNED_CONTEXT((#4154))
GLOBAL_UNIT_ASSIGNED_CONTEXT((#4157,#4159,#4160))
REPRESENTATION_CONTEXT('','3D')
);
#4157=(
LENGTH_UNIT()
NAMED_UNIT(*)
SI_UNIT(.MILLI.,.METRE.)
);
#4158=(
LENGTH_UNIT()
NAMED_UNIT(*)
SI_UNIT($,.METRE.)
);
#4159=(
NAMED_UNIT(*)
PLANE_ANGLE_UNIT()
SI_UNIT($,.RADIAN.)
);
#4160=(
NAMED_UNIT(*)
SI_UNIT($,.STERADIAN.)
SOLID_ANGLE_UNIT()
);
#4161=SHAPE_DEFINITION_REPRESENTATION(#4162,#4163);
#4162=PRODUCT_DEFINITION_SHAPE('',$,#4165);
#4163=SHAPE_REPRESENTATION('',(#2411),#4155);
#4164=PRODUCT_DEFINITION_CONTEXT('part definition',#4169,'design');
#4165=PRODUCT_DEFINITION('digital_carb_sync','digital_carb_sync v6',#4166,
#4164);
#4166=PRODUCT_DEFINITION_FORMATION('',$,#4171);
#4167=PRODUCT_RELATED_PRODUCT_CATEGORY('digital_carb_sync v6',
'digital_carb_sync v6',(#4171));
#4168=APPLICATION_PROTOCOL_DEFINITION('international standard',
'automotive_design',2009,#4169);
#4169=APPLICATION_CONTEXT(
'Core Data for Automotive Mechanical Design Process');
#4170=PRODUCT_CONTEXT('part definition',#4169,'mechanical');
#4171=PRODUCT('digital_carb_sync','digital_carb_sync v6',$,(#4170));
#4172=PRESENTATION_STYLE_ASSIGNMENT((#4173));
#4173=SURFACE_STYLE_USAGE(.BOTH.,#4174);
#4174=SURFACE_SIDE_STYLE('',(#4175));
#4175=SURFACE_STYLE_FILL_AREA(#4176);
#4176=FILL_AREA_STYLE('Plastic - Glossy (Grey)',(#4177));
#4177=FILL_AREA_STYLE_COLOUR('Plastic - Glossy (Grey)',#4178);
#4178=COLOUR_RGB('Plastic - Glossy (Grey)',0.701960784313725,0.701960784313725,
0.701960784313725);
ENDSEC;
END-ISO-10303-21;
